Raca,Idade,PN,Sexo,GMD,Peso
Cruzado ½ sangue,321,36.851842292997794,0,0.7394993727505778,225.62060545545629
Guzerá,23,23.826166845446828,1,0.6594609280392865,46.75566743015894
Angus/Simental,146,34.158083498356646,0,0.7881126823858082,131.20722791505284
Cruzado ½ sangue,168,34.83882382005995,0,0.8530787975879356,162.78048109707436
Nelore,292,32.4599363486286,1,0.5838623146288495,201.5664271107913
Angus/Simental,48,38.181154259002085,0,0.8776819088009564,79.47123753506895
Cruzado ½ sangue,159,27.85442665966521,0,0.6358587886188214,134.8987685309029
Cruzado ½ sangue,56,27.558966534842693,1,0.9036846800670109,83.91549214098977
Nelore,288,24.005022592348155,0,0.8925497043798638,266.7125248426762
Holandês/Girolando,231,31.161889435303095,1,0.7052644102958715,170.12403935667822
Guzerá,182,26.32845607834126,1,0.6311542104923985,159.7626208575251
Angus/Simental,144,43.062697647686115,0,0.7207247938997722,145.83751614596525
Holandês/Girolando,56,39.93292106537596,1,1.024859752591944,111.13562954341228
Cruzado ½ sangue,337,23.958340970648592,1,0.6491773668442216,241.47168222011828
Guzerá,237,25.427718618996355,1,0.6054565469597843,138.52660847285517
Nelore,117,28.430203511785876,1,0.7734451093439394,118.33860671950276
Holandês/Girolando,152,50.479993751127196,1,0.8029839428498406,197.91528742354407
Nelore,266,23.900017304781553,1,0.6702437960683311,218.21642458133476
Cruzado ½ sangue,263,31.437289589603218,1,0.5290452633233842,176.9762250267217
Holandês/Girolando,169,48.52926340272282,0,0.9326717328054823,186.58653853206
Cruzado ½ sangue,111,34.79991336538619,1,0.8836525808483945,162.30469611872763
Guzerá,241,27.689939220549274,1,0.7268849264415798,186.69210337030728
Angus/Simental,241,38.51562996660745,1,1.0144433489855402,274.3215972617693
Angus/Simental,219,39.48474592395769,0,0.8677733081752939,236.04319670464724
Cruzado ½ sangue,27,36.11043812111414,0,0.7373590762047623,40.6985587529687
Nelore,173,26.16679788387532,1,0.5632883619438673,152.26146312621978
Holandês/Girolando,225,44.390292894541,1,0.7461605621940751,234.670308243594
Nelore,347,24.19448944090061,0,0.7636313845906922,295.34572717302444
Nelore,192,30.149287904910384,0,0.7057055803529086,173.90436970706125
Cruzado ½ sangue,126,33.714963853145306,0,0.5883982851085295,104.98002251589392
Cruzado ½ sangue,203,30.53482764723157,1,0.6641448664821911,146.48360399012844
Angus/Simental,65,37.89791626103459,0,0.6328790565435743,77.24102770399287
Guzerá,34,24.132379542003342,1,0.7353432383812827,40.10047421115658
Guzerá,248,22.784896019414766,0,0.8783439883548823,242.82073091381477
Holandês/Girolando,360,38.23192629193178,0,1.0645562894878515,399.7138578259088
Nelore,309,25.136039776199183,0,0.4645216178010036,193.49770590077455
Nelore,214,30.129791124326367,1,0.9553789551910068,249.57571616708756
Holandês/Girolando,15,34.24957252923818,0,0.9419493718113338,54.06732010674603
Nelore,361,31.49191958046868,1,0.5348413075683827,237.5223124132511
Cruzado ½ sangue,165,28.27408372828472,1,0.6706881732272351,130.34465552337767
Guzerá,106,24.30111525325698,0,0.845689230898057,121.6913047224023
Cruzado ½ sangue,326,30.501586367139282,1,0.8579661684191405,317.32871040238075
Cruzado ½ sangue,273,38.30058691549935,0,0.564139360585887,186.77320113009506
Guzerá,274,26.990869836849775,0,0.7211156017424143,183.9628576781499
Cruzado ½ sangue,102,32.15306478982242,0,0.5264073988163538,71.70185703285463
Cruzado ½ sangue,363,34.9948777642789,0,0.6928542825566782,283.59944654956104
Guzerá,166,19.678422958010934,1,0.7916306169057123,170.5099312234856
Nelore,194,28.849032436256824,1,0.6977276715110139,146.63664147167992
Cruzado ½ sangue,275,40.990056711219054,1,0.7042537973536659,265.14104001879656
Nelore,241,29.463212772409353,1,0.7609523892191268,208.92910173664114
Nelore,63,29.237696092092673,1,0.7965429778575597,79.62801745600153
Nelore,111,30.918449328747688,0,0.8188483811422507,145.5257030761696
Cruzado ½ sangue,132,36.582420973257385,0,0.8463817224989699,163.04261939674947
Cruzado ½ sangue,346,25.010133228440562,0,0.8292205971331117,315.10493121457233
Cruzado ½ sangue,261,26.270694072835894,1,0.9240667993964374,327.7722739157743
Cruzado ½ sangue,134,33.84116516434459,1,0.7161248499922419,116.85811956885695
Holandês/Girolando,269,36.425617190512455,0,0.8605042671955061,230.035185330501
Holandês/Girolando,270,46.56012631109957,1,0.759026510952189,244.93291825681277
Nelore,144,27.896889635401717,1,0.6517837443633301,116.90219131218319
Nelore,148,22.22914242500409,1,0.5258030084390706,54.54402253505601
Cruzado ½ sangue,327,27.927944332624012,1,0.6738718470668467,260.6464384083181
Holandês/Girolando,206,26.25161990184712,1,0.8081423374933092,185.82065727960833
Holandês/Girolando,55,38.82937231358544,1,1.0977969239072913,108.44187983051181
Cruzado ½ sangue,263,32.24646349094247,1,0.6639159382506765,227.47959119415773
Holandês/Girolando,216,37.87768645109051,0,0.9733301567013041,227.5252295529824
Holandês/Girolando,186,45.39439519514869,1,0.8915044758580799,227.38632011378476
Holandês/Girolando,265,45.99259918258347,0,0.7920533663636895,262.8347186177768
Guzerá,332,25.488834729931668,1,0.6616238015070485,241.75264728947806
Nelore,121,21.528572163831004,0,0.5642308988314144,81.1851926774804
Guzerá,154,27.851844741476775,0,0.8300488745360478,111.80715865427851
Nelore,70,30.943760799780016,0,0.6631914905241648,62.871146151138646
Guzerá,237,26.928174710470834,0,0.5442771653861226,128.9732270885637
Angus/Simental,147,42.41665887188652,0,0.7977798885263877,161.11878494476633
Nelore,125,24.923101662386358,0,0.9312080233292542,124.53324222717625
Nelore,255,36.03064385164799,0,0.6981471614272545,190.3362016214642
Nelore,149,25.642002864003462,0,0.6613121164592602,100.41694143670225
Nelore,170,31.62228024520299,1,0.6763991428878289,151.85043095273954
Cruzado ½ sangue,161,26.250609222346593,1,0.6673443648016174,143.01718363825432
Holandês/Girolando,95,35.34867656364975,1,0.8969612121360098,126.79005888072639
Cruzado ½ sangue,46,39.065474586901345,0,0.5838520601939617,66.05585196236542
Cruzado ½ sangue,302,31.9564007079966,0,0.7505840113248786,200.41508712590826
Guzerá,34,28.519767815398396,1,0.6990084349737523,46.5434483028411
Cruzado ½ sangue,119,33.94782155487698,0,0.791283981234237,121.05223006756974
Nelore,244,28.632646453999396,0,0.6974173652319023,179.26283698360737
Nelore,48,33.77347613726441,1,0.764837959497689,71.31094426000348
Nelore,240,28.17169411371835,1,0.6585028804413687,230.40382437848683
Cruzado ½ sangue,268,25.877047569746118,0,0.7317375897987949,231.02881313352574
Holandês/Girolando,242,35.98379954024148,1,0.8390441732420725,223.94867752431367
Nelore,112,30.92917105045593,0,0.5400739515293149,102.82276233227572
Holandês/Girolando,8,41.97754553181254,1,0.8454199697329483,51.617909218039
Nelore,324,23.51529612417597,0,0.6343143470195731,187.98059709772858
Cruzado ½ sangue,120,30.102629922367196,0,0.5766908512773616,114.07755850685177
Guzerá,294,24.25483595239326,1,0.5870406525894303,207.30303613057615
Guzerá,73,24.903591217657326,0,0.7267735104028878,58.82093789776176
Guzerá,60,21.872259234195347,1,0.6541799630563467,66.72438278772641
Holandês/Girolando,285,36.85814445940261,0,0.5925183014758276,197.67077962487835
Guzerá,344,23.814168544221417,1,0.42115362666245304,182.1040256346791
Nelore,315,31.70036640916672,1,0.7440090505142645,282.0576487232138
Nelore,275,31.831924588465853,0,0.8829146250337008,242.87534772895734
Angus/Simental,91,37.34385293860033,1,0.8160059982940413,120.84639663396082
Angus/Simental,334,36.23582091858171,0,1.0661140950890218,371.99409924269287
Cruzado ½ sangue,244,33.55969724815645,0,0.7000477593722714,198.96961180063613
Nelore,63,26.141987123905487,0,0.7207442934432462,76.05207996658947
Angus/Simental,48,32.83925563024651,1,0.6939668422463372,53.44225195286761
Cruzado ½ sangue,318,29.239115164297132,1,0.7977940417869149,274.9719854351821
Cruzado ½ sangue,101,30.460747344114175,1,0.7271437617055929,68.62033193938768
Guzerá,280,22.509578600623186,1,0.6558039198589177,234.49090337000632
Nelore,51,29.56720845672006,1,0.630960021139326,47.993933662326484
Nelore,103,31.55400485824298,0,0.7518589432436963,111.13281433087768
Angus/Simental,104,30.85805764640791,1,0.8742543987359981,127.79069054534557
Holandês/Girolando,103,40.12564355608016,1,0.6865892141445161,120.55568979143446
Nelore,247,28.230224716567825,0,0.6593122792225001,151.17043190895208
Guzerá,334,27.02452605661041,1,0.6300752865438095,254.64022212727681
Holandês/Girolando,333,39.93530615948206,0,0.7043784288253907,303.9565374560384
Nelore,271,23.91240252023929,0,0.6818872422850657,241.14441767626096
Angus/Simental,74,32.31924815514276,0,1.0062766663450404,120.27600655019131
Cruzado ½ sangue,351,33.11769430233989,0,0.6709331871136305,257.79724188369966
Cruzado ½ sangue,198,37.11512367898204,0,0.7626416569614374,160.9896057025342
Guzerá,200,19.35743788687099,1,0.6035682380684187,161.0884617913246
Holandês/Girolando,257,41.7286328990079,1,0.5681094424340841,194.61711673700094
Holandês/Girolando,281,45.948110026438215,1,0.9668159442169123,346.0000763748839
Holandês/Girolando,348,39.234870618968934,0,0.5337027349814858,185.66448278317955
Nelore,213,30.925708736092542,0,0.868717375956831,205.70368727635457
Guzerá,223,23.890792757306592,0,0.6919400071169005,174.77906963275268
Nelore,273,28.582218302530933,1,0.672853632362773,231.3384456503607
Holandês/Girolando,94,31.895432408459243,0,0.9201299973604162,125.99191970606653
Guzerá,113,18.96697007474338,1,0.733857967045398,92.11212058867804
Nelore,229,32.299680304288465,1,0.5186435410140426,126.72066920521793
Nelore,24,25.552517752964455,1,0.782780861080204,56.98405613629993
Holandês/Girolando,117,37.722360774982846,1,0.7985346701903854,173.92419452734345
Nelore,263,24.147452113554323,0,0.5651791129712338,172.77221379223553
Angus/Simental,357,31.65513633612256,1,0.7883389058195205,294.84980839403926
Holandês/Girolando,190,39.13081149952692,1,1.0972194708022893,234.4856775419061
Guzerá,146,23.811268417593062,1,0.8128531012812674,152.26030290474134
Holandês/Girolando,161,41.88985498997349,1,0.7738350829262367,194.25306268505318
Nelore,251,30.58388446642857,1,0.5638429881321192,151.85587211331313
Angus/Simental,199,39.44382340846073,1,0.9105955800920189,222.63302312906504
Holandês/Girolando,9,41.193003954642215,0,0.9985910048590612,51.114086990978514
Cruzado ½ sangue,197,39.31107281972754,1,0.8208096426018208,224.8431085990374
Nelore,147,25.263421808342898,1,0.8464871652863815,143.07908391963892
Holandês/Girolando,256,39.72532566898541,0,0.9031482794685987,220.38046994674247
Holandês/Girolando,320,45.663449102597944,1,0.8319309478754724,347.11407755933703
Angus/Simental,352,43.690429142021166,0,0.812658070418289,342.30163389512245
Holandês/Girolando,223,32.89118175327714,1,0.49905414650638,149.52932131324803
Holandês/Girolando,133,38.43822279172065,0,0.8299120030079784,156.2407006590569
Nelore,163,33.753423835535415,0,0.5533428784855288,113.36999082427647
Guzerá,65,27.524237315597198,1,0.6589631267093489,59.524538951437044
Holandês/Girolando,342,40.976315157398865,0,0.6226469614607516,264.16650507835027
Guzerá,310,25.34694591969603,0,0.6754095988324383,229.04120288615596
Nelore,312,27.65669676002289,0,0.926535578627779,313.76280995386304
Cruzado ½ sangue,120,34.152876252361295,0,0.7639463993204986,151.9663610613401
Angus/Simental,118,36.864316437569826,1,0.8866889388188668,123.29078141415837
Nelore,313,28.850974826344444,1,0.687985434992869,245.51437745830927
Holandês/Girolando,199,40.39299353057519,0,1.2124937173936892,280.4515432340083
Nelore,258,26.626749650272753,1,0.5993035934847669,177.8623753457008
Cruzado ½ sangue,179,35.128517495525756,0,0.8548384405788665,202.14012826177353
Nelore,162,39.19985626945397,1,0.49568585298572365,116.56081410845054
Cruzado ½ sangue,231,25.892053442695698,0,0.66051490879172,146.35140584377575
Cruzado ½ sangue,297,34.29605009675992,0,0.7897783083625781,255.51649876792348
Cruzado ½ sangue,122,29.959239645524377,0,0.983217827598843,152.90066225978057
Nelore,296,31.020909021317376,1,0.8689626202695173,328.81813995375154
Angus/Simental,90,38.209508629975375,1,0.8525996005578245,120.868356508902
Nelore,148,31.666491709148623,0,0.678879421166671,141.05274552653748
Nelore,334,33.11427301778073,1,0.9745722907052395,386.9826196314448
Holandês/Girolando,349,40.962105588840906,1,0.7225248579764478,308.1880914958647
Guzerá,338,29.396156865242535,0,0.5840424771369701,186.39886239941802
Cruzado ½ sangue,116,23.62280842484529,1,0.6189276390248218,100.36031743099603
Cruzado ½ sangue,308,39.36180919166409,1,1.0082364128496373,356.9204189644565
Guzerá,342,27.12518645567702,0,0.7725532293734956,321.0726482653141
Angus/Simental,358,42.850295100853316,1,1.088476320261763,399.7138578259088
Nelore,8,24.730434893054674,0,0.5304701891683515,31.817666556972288
Holandês/Girolando,272,35.84615059197332,1,1.1142650064285406,361.33897212475324
Nelore,364,29.51078402950671,0,0.6741406977918466,249.99300387767147
Angus/Simental,280,37.92332949798141,1,0.9194882408901381,275.20090267708133
Nelore,86,29.990740058034962,0,0.44717181351657825,65.26288245214883
Nelore,279,32.79580306325488,1,0.8956850545105242,298.62083933858906
Guzerá,39,20.704339054091452,1,0.6456797375889015,48.16221944990673
Angus/Simental,176,42.38218582272789,0,0.7910719611418625,189.17487707688338
Angus/Simental,229,38.03726859481067,1,0.8965291785288936,273.43460635021603
Cruzado ½ sangue,167,32.18487255550181,1,0.7761960329607672,148.97875853239287
Angus/Simental,256,31.379981445267994,1,0.7321514790289858,212.25156939451674
Angus/Simental,88,40.26371900769589,0,0.7310311185756186,126.2154786763685
Holandês/Girolando,222,27.929460744844814,1,0.455090030737812,154.4105615045158
Guzerá,236,27.945182033716137,0,0.8134056974967228,201.68748939277063
Cruzado ½ sangue,232,27.031576658108033,0,0.7174905346357917,182.63385653861175
Cruzado ½ sangue,106,33.2138316504699,1,0.6124886503917853,96.45769272241652
Guzerá,112,25.64249348801624,1,0.8195320239710491,117.96090429660421
Nelore,95,33.09338351552859,1,0.6805953028450085,105.06877680211076
Cruzado ½ sangue,169,32.28537932394444,0,0.7198573704438942,204.70274209749553
Nelore,214,26.57051503599017,1,0.6079941544144117,167.44633914369868
Angus/Simental,133,35.72028786812959,1,0.7266708850217422,144.5066129017055
Nelore,150,33.45508969064132,0,0.8280157216594105,124.84517388295768
Nelore,105,30.877039392133128,1,0.7721526905850438,104.05979786588094
Cruzado ½ sangue,80,31.457480073907355,0,0.991428557794998,128.2316687269578
Nelore,240,28.172437530124203,0,0.6475464373636086,184.3761501829414
Nelore,298,23.514880182950936,1,0.6251817895576777,104.70563133251729
Holandês/Girolando,107,41.94237100425771,1,1.0010205711271822,160.12742272219833
Angus/Simental,315,30.080829315370405,0,0.8304457771871545,328.7026833316831
Nelore,209,31.631287630424097,0,0.6465742384418847,115.10162168985718
Guzerá,62,26.3858647774738,0,0.6647509463468255,86.60572644423907
Cruzado ½ sangue,134,42.547807198295686,1,0.6238919279790853,75.1752888469974
Angus/Simental,3,33.04939000824062,0,0.7388202438899987,37.8467635366983
Holandês/Girolando,15,39.48668954479683,1,0.8070062449809693,51.53857201367185
Nelore,123,35.29400695323072,1,0.47510013237283105,52.32892941831851
Nelore,166,33.16986374101995,0,0.4677709018651997,118.67863747695043
Nelore,292,26.56325781947035,1,0.7488745145672532,291.0899113571947
Nelore,50,29.783885999307067,1,0.6706833728069626,67.40559356010078
Cruzado ½ sangue,307,33.00799742566035,1,0.5642313558608733,238.7085332678428
Nelore,86,29.98684553587955,0,0.6034589364671163,75.8195313424293
Holandês/Girolando,51,36.506597820075854,0,1.084662825123354,70.70737559157574
Cruzado ½ sangue,256,32.642718389197064,0,0.787146687806541,240.9348394075926
Holandês/Girolando,283,32.00973812361643,1,0.7023833831780948,291.20675117692605
Nelore,221,29.472932081538286,1,0.643625734963855,205.4869777655538
Cruzado ½ sangue,43,34.80008269368733,0,0.5366788469559383,37.16947917671665
Cruzado ½ sangue,43,32.09032234942446,0,0.9000207992141278,55.01049200822952
Cruzado ½ sangue,143,26.539796437660847,1,0.6599559309718498,104.84289146589474
Nelore,165,32.459861519980116,0,0.8212463134661551,134.293040457406
Nelore,365,30.27583763297481,0,0.665399113008332,252.1426720426862
Angus/Simental,105,34.732932060345604,1,0.9233663273218771,138.09047728558735
Guzerá,71,25.15819865948581,0,0.7105078324784464,56.45938213263459
Guzerá,346,21.497991791654485,0,0.7422145747452507,280.9348463397998
Holandês/Girolando,57,34.87294936111048,0,0.9238789593811411,94.74342077645876
Cruzado ½ sangue,10,30.84875461457144,0,0.8236943683731336,36.33199590784354
Angus/Simental,155,43.527893655260684,1,0.853491501506479,172.51468772690546
Nelore,147,26.761738131893836,1,0.6006993143752575,77.51026521734539
Angus/Simental,227,40.880961466979414,1,1.0347189666917076,275.5415769682235
Nelore,321,27.11589328998447,0,0.5467931495055319,185.16092742673433
Holandês/Girolando,341,41.23973780425938,1,0.7668757368682245,327.4981859114091
Holandês/Girolando,106,39.293022489280986,0,0.7301157566883861,122.88200634098382
Nelore,358,32.055698100324605,1,0.693791412336337,309.37805995613843
Nelore,231,27.128160316235046,0,0.662701349740632,165.6742667406155
Guzerá,26,21.282415249992678,1,0.6205277885977861,39.734380889585054
Angus/Simental,343,31.781229358863655,0,0.9452101740550829,365.45372284779546
Holandês/Girolando,51,37.340612530286215,0,0.5857686308941004,66.13140966202648
Angus/Simental,215,32.37923013194876,0,0.8954505880859412,225.83769895561946
Cruzado ½ sangue,289,34.640848062718206,0,0.671132323807118,209.2731491495394
Holandês/Girolando,92,37.67115917570961,0,0.613499182473769,84.25830943929071
Cruzado ½ sangue,99,42.498426200105726,1,0.7169982951176117,121.74600710604037
Nelore,174,22.917998917020036,1,0.5767960542447397,113.7654733384891
Nelore,323,29.712716125484306,0,0.7013287450266972,249.36899392644725
Cruzado ½ sangue,82,28.488187905977323,1,0.8410632606477695,97.86183573669624
Cruzado ½ sangue,243,31.026394638469284,1,0.542891167353949,164.84862576307629
Nelore,166,29.494968156691904,1,0.5521422417772828,115.7068365954712
Holandês/Girolando,41,28.373143125628566,1,1.2505794217611825,74.47834111426778
Holandês/Girolando,260,41.18413058394014,1,0.6532952349897984,180.10978707918696
Angus/Simental,304,46.56308358023375,1,0.9327630248931051,356.6140351857313
Holandês/Girolando,211,37.732808508157035,1,0.6427579600181342,184.73545116165783
Guzerá,65,26.77942357041653,1,0.5724741340666636,74.87246088138906
Guzerá,57,29.0747650793762,0,0.6506137152082581,59.78569145334015
Guzerá,155,25.50813949991901,0,0.6923589089325434,170.20243247251727
Cruzado ½ sangue,185,30.676159245874068,0,0.7263290894633485,153.55759372664025
Angus/Simental,202,27.759186183252115,1,0.7352433800259105,161.60471915082877
Holandês/Girolando,89,43.20495359697487,0,0.5939426146564959,81.17381103536918
Nelore,183,28.60391056594886,1,0.660228081321325,115.23637703273734
Nelore,108,25.455606520141433,1,0.47819110120825,102.40248461231448
Cruzado ½ sangue,251,33.506386841110775,1,0.708271295232806,256.0627119020029
Cruzado ½ sangue,291,30.665278572775275,0,1.024623497169735,330.60144373572615
Nelore,239,27.15050854109566,1,0.7759896116019961,199.6076719793209
Nelore,1,31.12201904638048,1,0.8092540529747991,34.80862508154747
Holandês/Girolando,363,33.30808794338078,0,0.821307968763001,298.6643205037175
Nelore,9,32.665603501258154,1,0.4933072652026132,35.8232579942221
Cruzado ½ sangue,365,27.409255347526386,0,0.5589937598394087,252.71759898732594
Guzerá,12,24.01189577493421,1,0.7570046299542541,36.72194850291874
Nelore,189,35.73031167923302,1,0.6146236863239739,203.67304852546243
Angus/Simental,39,43.0730964273909,0,0.7839345386330819,76.1140442956277
Nelore,35,29.34161397373404,0,0.6516077209531974,48.41651198438045
Nelore,250,25.708144245745743,0,0.628129605432273,157.20596434796062
Nelore,266,27.147546926550373,0,0.5504216800714609,113.84412976329602
Nelore,44,29.256463601049937,1,0.7138016488571381,57.72803924965054
Nelore,357,29.131331313188596,0,0.5558281868328095,240.41958186765982
Nelore,117,28.68195174630913,0,0.4955551584704413,96.95177462511639
Nelore,117,28.892086200705354,1,0.6102029735365725,100.63479003178256
Nelore,109,28.2496871160321,1,0.7677115908866594,95.42895399269264
Holandês/Girolando,169,32.79010632179994,1,0.811035560617817,176.13059608872328
Cruzado ½ sangue,65,30.93395703135667,1,0.751272217812596,92.73834239037637
Guzerá,156,28.74387216196054,0,0.6705145223612122,141.67662280797546
Guzerá,77,21.894997107346647,1,0.5651753367614029,67.73774853207782
Holandês/Girolando,19,39.05222244230361,0,0.8013852599281768,48.760025190847635
Angus/Simental,135,34.3111073205312,1,0.8960743762748737,171.28731717120726
Angus/Simental,246,38.501076932291504,1,0.8615077149183111,182.14137376832912
Nelore,279,27.639783866266136,1,0.7221188482814294,252.50789547830334
Nelore,129,34.170877827411346,1,0.6314354958610537,162.00199824396051
Nelore,119,30.773041039665888,1,0.5615506304679264,71.45834174491397
Nelore,288,24.40868891977976,0,0.6802228145129694,199.61441381100585
Holandês/Girolando,249,43.35614005806849,1,1.0079910273395372,304.209138116181
Guzerá,304,23.67604443121381,1,0.6536850859123473,225.46932369318472
Nelore,331,26.980512700178632,1,0.7359688724929389,319.28392895280973
Guzerá,300,26.941457060321365,0,0.6653484720436595,224.0835051238577
Holandês/Girolando,342,37.54126290134933,0,0.6717049943153759,251.82917697432424
Nelore,153,32.124995357130345,1,0.6921832006512123,153.69519692756035
Cruzado ½ sangue,145,29.901959753946418,0,0.8467949730329613,153.00765669781865
Nelore,118,26.833687065930228,0,0.7452086039230047,169.64146223795098
Angus/Simental,86,35.04633097903351,0,0.8230093197846993,108.05476456727499
Nelore,274,27.020264380757364,1,0.8779498904124172,285.4224622952028
Cruzado ½ sangue,261,37.39676622219125,0,0.753623398658016,178.8621451802327
Angus/Simental,293,40.82958332124636,0,0.8292320657444371,254.29619100343876
Angus/Simental,62,45.69474779305432,0,0.8695594172527941,113.95943730279411
Cruzado ½ sangue,180,42.07057681559702,1,0.7553732644015035,152.33004008662186
Cruzado ½ sangue,82,28.877131872270642,1,0.6569986511150097,51.71403149851487
Holandês/Girolando,326,40.35209563663644,0,0.9296001887524397,326.11343404775687
Cruzado ½ sangue,98,28.29519873342627,0,1.1876915986705943,166.2455576707917
Nelore,53,26.278379252881066,1,0.5080631411068653,53.69586763371215
Holandês/Girolando,209,36.84958744872165,0,0.810628231115413,192.72561839084884
Holandês/Girolando,321,34.71422562930863,1,0.7394726280022528,236.8747221992181
Angus/Simental,335,33.26650727195714,0,0.7217609365138545,269.0378610128169
Holandês/Girolando,36,39.27857810739872,1,1.1493275550441377,86.95731889558643
Guzerá,119,22.34984474484078,0,0.6006754527897075,62.9538465545606
Holandês/Girolando,57,44.210634795688165,1,0.7319415603876,99.53837637463585
Nelore,113,25.7878626190387,0,0.498153098547373,95.00937592602749
Nelore,195,38.833491395337376,1,0.5908871212259603,183.51844981303495
Holandês/Girolando,103,37.74307774517803,1,0.5065109205923791,99.32151178281693
Guzerá,25,26.216052925751157,1,0.6896639149341337,48.64980228801079
Nelore,187,24.466305854368876,0,0.9452493508954015,209.04360705993017
Guzerá,20,31.118275274382917,0,0.6015154018634397,49.318528890165325
Guzerá,83,29.358502042408748,1,0.49073496365088926,43.76717815748805
Guzerá,1,26.890747612208337,1,0.6527050318991374,25.15889271368276
Guzerá,32,21.959592353661304,0,0.4885732996454959,30.97988268629317
Cruzado ½ sangue,160,33.84266751089848,0,0.790024893415213,157.00085805725203
Nelore,311,25.074991338939608,0,0.6946482575154285,235.3574155262901
Angus/Simental,283,44.58059868563012,1,0.7647788771738835,283.35172041443263
Angus/Simental,37,41.64137629333928,1,0.8292454556321666,83.11803262221271
Holandês/Girolando,13,40.47719519243868,1,0.8748603104526355,58.42864251447496
Guzerá,124,18.69087301025803,1,0.7038560091094919,90.53676140369754
Holandês/Girolando,239,35.08292010670485,0,0.6958603028694775,198.25008300753004
Cruzado ½ sangue,273,35.75104452639949,0,0.7345564253212213,201.42835287343706
Cruzado ½ sangue,301,37.85153476689263,0,0.6556639181338633,214.4501949444326
Cruzado ½ sangue,125,37.43667924596853,1,0.734208844279392,134.92809425452285
Holandês/Girolando,62,32.03993498879272,0,0.4672265174184655,27.233944740473813
Holandês/Girolando,10,41.50776153406452,0,0.750278212426579,61.12353817945517
Nelore,54,32.55430325769025,0,0.9132310674485916,88.48084616565438
Cruzado ½ sangue,24,26.36665773767102,0,0.7973449950612916,40.866910555730605
Nelore,315,28.97233419619367,1,0.8248192715110969,360.18219101189084
Cruzado ½ sangue,98,34.095369593233826,0,0.8084506873897608,107.85976995483502
Angus/Simental,301,36.64655936818969,0,0.9696636110368443,316.5997426457265
Nelore,202,22.517433506095795,1,0.7104839473699791,160.12169730256204
Holandês/Girolando,197,38.371509449631354,0,0.9607544139536432,259.919177183124
Nelore,166,27.854430994107418,0,0.681742164010419,137.6023442159142
Cruzado ½ sangue,300,32.40771038180898,0,0.9206948795062097,297.2672161023986
Nelore,16,27.027850011012255,1,0.6407619832723841,44.929281001377426
Angus/Simental,34,36.0064453104134,0,0.5210006499616795,59.140591091691896
Nelore,155,28.861028011785578,1,0.6966310138097698,135.87165709318572
Angus/Simental,144,39.9910457223637,1,0.9173714231683479,193.25993091324412
Cruzado ½ sangue,200,31.782292948573332,1,0.8532652569353767,264.3376934789959
Holandês/Girolando,270,37.95175535815999,0,0.6922465656171927,220.85845732554333
Cruzado ½ sangue,215,33.36941615301783,1,0.5986399870636911,171.25794834695137
Cruzado ½ sangue,94,25.316336296419273,0,0.7229282811812052,95.89957589255916
Angus/Simental,120,40.14665807251906,0,0.8080963391054796,159.92240810335844
Nelore,275,28.998029160069645,1,0.4853172253436184,159.48991308352313
Holandês/Girolando,74,40.19846763298781,0,0.8676474001712147,100.60102061670962
Nelore,185,32.362570076580624,0,0.5568838752340742,98.88196418551128
Holandês/Girolando,197,30.23592234975876,0,0.6013574406432094,117.75165460303552
Nelore,274,22.09158145549363,0,0.8278260505371773,222.59113975761346
Holandês/Girolando,261,41.369019226617596,0,1.1523552744375547,329.3659149009231
Holandês/Girolando,170,39.96441572435742,1,0.5123857662675595,165.40840891440885
Holandês/Girolando,113,40.85088471595966,1,0.6854711862258537,127.3603782333544
Holandês/Girolando,135,37.689364624137774,0,0.8283514662450332,132.6819544248408
Cruzado ½ sangue,151,35.65741469695973,1,1.0557772280590565,180.868974905722
Cruzado ½ sangue,81,36.73055537196448,0,0.7256596747876809,115.16413056453067
Holandês/Girolando,229,42.419911469757636,0,0.6357295463897686,207.1415905185894
Holandês/Girolando,77,38.69585770797708,0,0.9213463442026358,110.03192958329481
Angus/Simental,237,28.515397755735187,0,0.8205870455158417,203.38128486780036
Nelore,275,31.69232672812995,0,0.7410014884093413,252.28789458003982
Nelore,352,33.276050331761574,0,0.5898181369801858,190.31802136819778
Nelore,44,31.25595444194393,0,0.6061637646468891,62.05817188578681
Cruzado ½ sangue,278,29.481430290529975,1,0.5842540291007388,265.23237171735025
Guzerá,32,28.021383181003273,0,0.5615601054883366,47.836713146966154
Cruzado ½ sangue,124,36.44211883184578,0,0.8136218663060001,123.6109082341296
Cruzado ½ sangue,65,39.235264991196345,0,0.7170395430802591,91.09866473209577
Guzerá,60,23.371670227316127,1,0.5936554827799335,53.20748383375357
Angus/Simental,65,36.98095436955138,0,0.7685921520841291,69.08419591951014
Cruzado ½ sangue,17,35.98908820457382,1,0.7217435443641315,52.850445862780546
Nelore,301,29.200935250033552,0,0.7595866671254363,273.07713988846643
Guzerá,23,22.648017193846176,0,0.7054178947793666,36.503960114387965
Guzerá,146,27.24384885508011,1,0.2692773106099035,59.31731969668877
Nelore,256,31.025315718353085,0,0.7025643405492014,175.63855524700477
Nelore,362,29.307870137158506,0,0.6552203679458181,239.93853291755397
Angus/Simental,312,38.98813217230975,0,0.7767007521661191,248.80598087561563
Guzerá,51,25.22388229494281,1,0.6658976230187386,47.714734480290815
Guzerá,361,30.43483680714818,1,0.6589240565558272,347.33938941334293
Cruzado ½ sangue,239,29.397231265149294,1,0.6912411826802948,215.06305636254092
Holandês/Girolando,66,37.06339618618111,1,0.7241719839348201,92.2459195301007
Angus/Simental,164,38.04943481087386,0,0.7907267726634587,184.63960822678922
Cruzado ½ sangue,336,36.51581611080357,1,0.8831667995937688,374.98598230383664
Holandês/Girolando,144,32.51313414952732,0,0.5537659586351626,104.38031078286481
Guzerá,68,22.06910975070368,1,0.7269713599593458,75.07354826927383
Angus/Simental,320,28.83022171519377,0,0.8317662226224329,269.7703835597722
Cruzado ½ sangue,348,33.13078090101308,0,0.9515910263543708,356.73334147648586
Angus/Simental,357,32.96762382257055,1,0.7083582974030885,317.60539718600677
Nelore,349,27.65407461493729,0,0.7434813664219302,255.1220529165305
Angus/Simental,319,40.97620185451269,1,0.9171684013614975,313.3106642333879
Holandês/Girolando,166,36.792286396085764,0,0.8923582289142866,186.64434307954346
Nelore,71,29.809487079601777,1,0.6190037202914838,71.02447095493268
Holandês/Girolando,226,38.50331046124139,1,0.8040117130853558,182.69075088865196
Cruzado ½ sangue,81,35.688457260385746,0,0.6815923841621482,98.15561348291074
Nelore,173,30.66294823571803,1,0.7339859007207197,179.82667263314892
Holandês/Girolando,240,36.54033151912695,1,0.8475754552488133,311.29043193960973
Cruzado ½ sangue,346,32.32539298639819,1,0.8459465599230002,333.79631229355687
Nelore,106,32.65310189202173,0,0.45240681286536616,71.79733256846214
Holandês/Girolando,92,41.96688435127049,1,0.5708054836993827,77.57655378533026
Guzerá,269,21.809113826746604,1,0.7450786959013947,239.8507688994703
Guzerá,3,27.966854183514148,0,0.545325234723852,30.159510237892416
Angus/Simental,207,33.11925219903693,0,0.6884808872607714,151.47792646888257
Cruzado ½ sangue,273,38.650052279844026,0,0.8121631838576082,243.1761439849307
Nelore,202,32.58434593944359,1,0.6602064478952097,126.35629800744134
Angus/Simental,141,39.304484641632804,0,0.7686764203625701,165.16247247860235
Angus/Simental,303,38.70754779546287,1,0.7467480847709862,259.44084606998285
Nelore,136,28.26838710390403,1,0.7100061595963298,124.18718398044618
Cruzado ½ sangue,260,35.71409580560011,0,0.7511997576058643,183.25470498659445
Nelore,170,27.702276406882785,0,0.5449321307897481,106.58259494781318
Angus/Simental,10,39.06006441787952,1,0.7531288458327886,45.186813951470924
Cruzado ½ sangue,194,36.4877374660778,0,0.6917776896252313,166.20529670645394
Cruzado ½ sangue,19,30.75277382589764,1,0.8854060877888479,50.89738761815485
Nelore,340,26.84332541003257,1,0.6798736291487528,319.8515257293777
Angus/Simental,220,32.625355336739936,1,0.6127618918669084,191.68816179252016
Nelore,136,25.274345388558398,0,0.7156613082897997,140.42926763500924
Nelore,178,22.600616409954743,1,0.9858739352333055,231.278647587561
Nelore,227,31.554400761554355,1,0.7189556145256959,216.12488365045894
Cruzado ½ sangue,95,40.235658168331085,0,0.6590358878747634,102.27570770361113
Nelore,106,33.98865130214607,1,0.7149410535605962,126.2769122757255
Angus/Simental,153,30.682619801180678,1,0.726902528685046,162.98302428920917
Cruzado ½ sangue,95,35.8994186862248,1,0.7141136024604819,113.78234985358824
Nelore,277,33.97737222473245,0,0.5380333544154269,131.5267371754125
Nelore,38,27.401165067414677,0,0.6695095783550032,44.602367859695725
Nelore,302,29.355066007275173,0,0.5540076087810663,173.40374997256276
Holandês/Girolando,128,29.96053474597665,0,0.5295359262264429,111.75309298050156
Cruzado ½ sangue,205,34.06694467190657,0,0.7112504746895018,173.98546888274362
Nelore,58,25.27754094697849,1,0.6023319996384231,73.96697474563894
Cruzado ½ sangue,141,33.79854007164606,0,0.7775259826147424,168.23953458108025
Nelore,276,23.53578977233892,1,0.46015167278357016,195.10624026181137
Cruzado ½ sangue,99,35.171432897910385,0,0.8593413485864029,139.30126265454734
Angus/Simental,49,42.61030703942011,0,0.7277919579912565,66.740645002908
Cruzado ½ sangue,191,29.86728055313933,0,0.956532164756232,219.24121934887714
Cruzado ½ sangue,60,28.45230967435826,0,0.5084532432510822,51.483784355991496
Cruzado ½ sangue,115,24.375907829800077,1,0.6315869951980986,68.91545888236728
Nelore,165,28.06755263073688,1,0.6644474189888956,133.0019375181052
Nelore,206,26.96442123001438,1,0.8225073873355885,232.11376908538358
Nelore,234,23.57143205678181,0,0.8282691038471446,220.10958062889947
Holandês/Girolando,247,42.26509378156086,1,0.9267729520273661,331.4055426764787
Cruzado ½ sangue,309,31.200118472541405,0,0.6810251065369834,230.17093325223158
Holandês/Girolando,25,34.62132020677384,1,0.645534723034421,70.20239732220422
Angus/Simental,133,35.50442417461799,1,0.688977465459711,130.39069609561145
Nelore,1,32.749565886253656,0,0.48307193678301186,33.268349675766544
Cruzado ½ sangue,4,35.41174777502089,0,0.5467888980568407,33.53406453314598
Nelore,78,28.544908784755286,0,0.688833148264304,97.85508902098218
Nelore,219,31.166867564626983,0,0.6138568131520072,146.91231363228565
Cruzado ½ sangue,327,28.356352174453043,1,0.8149764823668838,294.58729117670515
Angus/Simental,283,38.14566545327164,1,0.7066314899304081,286.0240137759319
Holandês/Girolando,236,40.73661165243235,1,0.8106655737701989,269.00424648756785
Nelore,285,27.355572220254455,0,0.5935136464532307,212.99311357813693
Holandês/Girolando,63,42.17729167978709,1,1.0887059155807461,106.19889652383347
Nelore,307,26.26848290874442,0,0.6704689439710916,214.48030340069306
Angus/Simental,325,40.29419318499253,1,0.9400579159597827,362.20819305361516
Cruzado ½ sangue,35,35.207435086125166,0,0.6888875805603256,66.67275757225619
Nelore,172,18.789940417560267,0,0.6594336365195327,162.6717702291987
Nelore,303,33.16606996228541,1,0.5876337472092674,237.1789066218278
Nelore,174,18.5,0,0.7228112224586719,183.53309067519098
Angus/Simental,307,35.22777938499743,0,0.7813655981570458,283.8764825004888
Holandês/Girolando,342,45.12674017128877,1,0.7566157137185331,316.900845403999
Cruzado ½ sangue,174,31.730853098990238,0,0.6450348502392751,159.21280845112526
Holandês/Girolando,22,32.66907008765229,1,0.4818744469583778,55.98147764029112
Holandês/Girolando,125,34.53131469141665,1,0.3359787283107293,112.02009849739031
Nelore,79,32.59417011212217,1,0.5196015719623721,90.40118342905764
Angus/Simental,174,29.35322961253113,1,0.8402639906295422,178.2168174780015
Guzerá,214,29.38697330288605,1,0.44993720983931607,126.99312826992036
Holandês/Girolando,170,39.72448950478855,1,0.6087975827607661,156.84806224391446
Cruzado ½ sangue,72,28.230418678230265,1,1.0154272262016995,123.90566463000741
Holandês/Girolando,110,37.084424638486546,1,0.7230092179332744,123.84255967586667
Angus/Simental,249,33.422490465042614,0,0.8298932101170122,241.39831080055944
Nelore,10,32.03178820300485,0,0.6196620512675035,38.48660818346728
Holandês/Girolando,79,43.66213904881419,1,0.9432811785182945,113.55164545235547
Guzerá,326,20.84251659837186,0,0.46472288227284686,149.4765139786053
Holandês/Girolando,37,37.98203940740333,0,0.7888436323454138,68.4778727979977
Nelore,152,25.978850181795032,0,0.6306347227837815,155.48498061435055
Nelore,76,33.5272848896078,1,0.9911045157611783,105.53144164189771
Nelore,39,24.274653086557528,0,0.5576284837345491,46.54411298271221
Guzerá,155,30.81268731405504,1,0.4592302074735406,84.98587595644288
Guzerá,191,25.900115781449188,1,0.485622082692372,138.30714744280078
Holandês/Girolando,65,34.19032796809956,1,0.5451911163059413,87.13160161778188
Holandês/Girolando,29,36.61362907995361,0,1.0192371785673706,80.06874517051705
Guzerá,50,23.59514347769465,1,0.9146047854678582,71.60977433694158
Guzerá,238,22.176144793953483,1,0.59578353394368,186.94533739435266
Nelore,315,29.331894009056313,0,0.4784445797432929,158.66224436991251
Holandês/Girolando,66,33.860422246540786,1,0.48562061142669344,72.72584513687224
Guzerá,117,19.458901373785434,0,0.6060886062667581,95.76618486878702
Nelore,126,27.671132352031393,1,0.5431387547207256,97.14557540419331
Guzerá,132,20.591431410746353,0,0.5536812221475697,96.19155705000829
Holandês/Girolando,90,36.2391956596624,1,0.8758877443180524,121.87984931919569
Nelore,21,25.818139889888254,1,0.7690024890563469,39.82581853796607
Holandês/Girolando,192,35.64391963987093,0,0.8589051135481105,191.1901413588877
Holandês/Girolando,131,50.00481550795077,1,0.8103236587214626,187.20078173304742
Cruzado ½ sangue,125,33.22564626867828,0,0.636329632363191,160.90864377644687
Holandês/Girolando,97,41.22685504497666,1,0.8648383899203728,106.2729618704076
Cruzado ½ sangue,340,25.89440681463082,1,0.6674878164042874,235.64546974580884
Guzerá,223,24.038110599089233,0,0.7856635909320794,169.2265602552642
Cruzado ½ sangue,153,33.86121051976605,0,0.9019613568808305,169.83171107656378
Holandês/Girolando,75,34.877355435434964,1,0.582501779473668,90.8887308161464
Guzerá,293,28.724188530553956,0,0.5580108392223568,193.57804215198883
Holandês/Girolando,325,33.98651707049485,1,0.7442723816053644,298.9110991722723
Guzerá,12,25.14090159240447,1,0.5521993135183587,34.67803548076181
Holandês/Girolando,340,37.06974180012221,1,0.9039635213919425,343.8424173524658
Cruzado ½ sangue,256,33.657282637527665,0,0.8842392164461199,243.01478337316595
Angus/Simental,37,35.11779467665058,1,0.9715012207897747,70.86916656643102
Angus/Simental,275,36.78097867818078,1,0.8416050560030012,239.3029857075781
Holandês/Girolando,40,38.81934954111007,0,0.8194383702755097,59.92909468349681
Holandês/Girolando,19,36.3280612130435,0,1.0505984738783976,48.52317065502888
Cruzado ½ sangue,43,34.94037547398845,0,0.7031850468582347,73.13708299507877
Guzerá,168,26.715165124512275,0,0.67362563894025,143.45193415665491
Cruzado ½ sangue,227,32.64554421898733,1,0.8552908694248877,249.15389851815536
Holandês/Girolando,149,37.84770833269021,0,0.8618722858264252,130.59365947075494
Nelore,45,31.78790410681999,1,0.6132250493118006,43.573329355363526
Nelore,73,28.174580146650364,0,0.5741025009754492,79.08580162408325
Cruzado ½ sangue,312,31.77321084869625,0,0.7809915038456318,180.74036304947796
Nelore,352,29.366415104608443,0,0.7892074989659331,322.69850198846007
Nelore,276,34.938053390397975,1,0.7763371421537262,214.0075609960163
Guzerá,38,21.978931375936387,1,0.8456055613759748,62.37056056270772
Nelore,300,31.694499125693742,0,0.49524075087605574,140.35520899949566
Guzerá,253,20.320486516285683,1,0.619030296376251,213.92394318352424
Cruzado ½ sangue,193,33.869092632914494,0,0.7905766763657337,253.12073557353872
Nelore,53,34.51278989663056,0,0.664814743334032,43.45851150489286
Cruzado ½ sangue,364,34.95467409786923,0,0.9617246688704052,383.8590188578516
Angus/Simental,162,38.76781285342907,1,0.8083016471770139,134.00169440063064
Guzerá,17,24.318651593590772,1,0.4787898428767452,35.25337361852248
Nelore,77,29.10866520170994,1,0.7403470179756245,83.23302846610204
Holandês/Girolando,147,38.73968592298322,0,0.5772838498495276,126.1000926983051
Nelore,23,26.249081872240257,0,0.6016136734472509,33.14043770175533
Guzerá,119,25.13037315357539,1,0.6105897233433494,111.31686892931332
Angus/Simental,171,38.89271522281898,0,0.7855475208756779,141.3319944421841
Angus/Simental,347,34.54752319161212,1,0.6772538997719643,326.7361676192319
Cruzado ½ sangue,32,29.774872717261264,1,0.8530432710291763,53.394573847984844
Guzerá,211,21.919269687223476,0,0.8058073002768048,153.5391382960495
Cruzado ½ sangue,335,34.562900104355585,1,0.818222217663316,374.2097661363125
Cruzado ½ sangue,295,35.181293047868245,1,0.6689283855154625,245.61030104587925
Guzerá,338,26.694981332709553,0,0.5636959020114023,253.45226021325087
Holandês/Girolando,63,44.82585246364333,1,0.6824307771083462,103.2190702767884
Nelore,293,29.307536729782548,1,0.5500029629772784,183.4758601275845
Nelore,358,30.37203828078015,0,0.5050817702433436,187.03298014569873
Holandês/Girolando,120,41.519187128187816,1,0.6897805872468888,126.39916861373723
Nelore,183,28.67960993203627,0,0.5887016004766134,166.1395438675903
Nelore,194,27.142123601546235,1,0.5058319909384654,139.19171850230802
Cruzado ½ sangue,181,41.85661046316764,1,0.6903401799315068,173.43683964894493
Angus/Simental,106,35.96622059065921,1,0.9022224012892016,128.33266859840603
Holandês/Girolando,355,36.67061144439782,0,0.9699191160920748,358.1925824261869
Cruzado ½ sangue,350,34.73603929380043,1,0.6478551549130528,321.01404649364594
Angus/Simental,139,39.13334486882752,0,0.8171945428251144,152.79278434221587
Nelore,294,24.083229583363853,0,0.7136511254658865,208.31083102881104
Guzerá,146,29.368034763691217,0,0.6312475614923521,110.69449700344681
Guzerá,291,25.7174162739475,1,0.7704667597756715,249.42563765133818
Nelore,214,25.111741166744977,0,0.7112005350210221,138.3700371604495
Cruzado ½ sangue,172,37.755136457415496,0,0.8163075907129075,160.61878900446024
Guzerá,47,27.87702671478846,1,0.6101864593140884,72.87476705096023
Holandês/Girolando,239,33.67729004026043,0,0.6580172646023449,176.8669394821033
Nelore,118,35.22013994090204,0,0.6441578344545558,123.38640634234424
Nelore,80,31.305790789281673,0,0.5103336250256603,36.91249176186715
Angus/Simental,71,37.95411747968729,0,0.7755075688185432,100.62237224011261
Nelore,359,34.56576581967623,1,0.5825750216346702,260.563230558631
Nelore,38,29.55754224340374,0,0.7337487129658566,52.72539886001788
Nelore,292,28.901709237135886,0,0.766117141221828,242.90531560268886
Holandês/Girolando,317,36.698499419890055,1,0.703735789857801,263.0210397624823
Holandês/Girolando,12,42.90925219653539,1,0.78201508585474,40.60571014688172
Holandês/Girolando,216,42.3830148366199,1,0.6301050780901029,206.58484720358604
Nelore,211,29.05138048961399,1,0.6107561924414743,169.5663434357232
Nelore,131,26.235047761463388,1,0.5654240642455486,94.59744131682301
Cruzado ½ sangue,244,33.519719416664294,0,0.8374979065103398,204.36173507079585
Holandês/Girolando,150,39.65100607118931,1,0.759278203507375,124.94502904187557
Holandês/Girolando,161,33.33262840632899,1,0.9825193432178593,196.77427495390035
Cruzado ½ sangue,158,27.112750594703257,0,0.7643346038551708,179.6697498685956
Cruzado ½ sangue,293,35.26061351523908,0,0.67821416509064,224.78112125664146
Nelore,232,19.893390897319087,0,0.49636814111896643,93.33129170379047
Guzerá,139,26.61623158088378,1,0.6388417196503128,119.63147251115483
Holandês/Girolando,339,37.60958471123088,1,0.9640564429796398,382.45630433428727
Guzerá,293,29.92473982063973,1,0.615973681676415,248.62104957823146
Cruzado ½ sangue,341,31.026127163384498,0,1.017545760751641,376.0042141942826
Holandês/Girolando,267,43.29742107125948,0,1.0907461121544861,245.05399289699514
Cruzado ½ sangue,143,31.412344635048832,0,0.6222735889222062,130.75527539867562
Angus/Simental,283,38.51186669068765,1,0.6908128685327998,220.85665942352279
Holandês/Girolando,121,43.68418265460026,1,0.9287696861171805,131.22141413265572
Angus/Simental,99,35.91849927653939,1,0.6813134235585847,100.38947651037267
Holandês/Girolando,165,44.98277442249202,1,1.0471605185301243,227.31705075561712
Angus/Simental,354,33.52835955302083,1,0.9043209010358918,325.79816323153085
Guzerá,208,26.883778527675137,1,0.5814083114217401,169.67915532993754
Holandês/Girolando,141,44.61319861393926,0,0.8631366598454167,180.7146315433724
Holandês/Girolando,169,43.300187458951676,0,1.2256200480040853,249.80992000096046
Nelore,107,35.707557068573934,0,0.7109587021140461,97.52295879981905
Guzerá,241,23.709682048068018,0,0.5903870853210208,132.6256676708492
Angus/Simental,128,31.793828368931354,0,0.9326865895057452,169.61656772776377
Holandês/Girolando,203,35.028324457524405,0,0.9650431978465482,191.53679728995516
Nelore,135,31.31154898291953,1,0.5733897832922852,128.3668305421383
Guzerá,118,27.493768802808134,0,0.6773629606515239,104.57184778725048
Nelore,355,29.357898308765954,1,0.6490614284589178,278.19234226658034
Nelore,127,25.069650328125046,1,0.7725258426170489,92.60149557528497
Angus/Simental,26,41.450902819980776,1,0.6479218830135641,57.10843421300008
Guzerá,139,22.32588566704838,1,0.4015776738798552,89.63710919218893
Guzerá,195,29.4768487471307,0,0.5069884646073699,94.35013220470452
Holandês/Girolando,35,54.28719211569933,1,0.49666290555216036,76.35667010467866
Nelore,112,30.282579013000426,0,0.6018582289713874,99.18717461036557
Nelore,61,31.0408784748021,1,0.7279637344861645,67.45943425664377
Cruzado ½ sangue,183,31.02856092441776,0,0.7752949872290814,188.2017706773412
Holandês/Girolando,264,30.94893339456592,0,0.7477549725804785,159.86289792521566
Angus/Simental,354,35.287762866364,1,0.7516002355649745,332.896390651721
Holandês/Girolando,143,34.535523794506254,1,0.783711919402328,177.37026687677823
Holandês/Girolando,316,32.76497711792492,0,0.9971237559114341,371.36276996338245
Cruzado ½ sangue,79,39.889439767982594,1,0.8092708422567988,109.32577036006145
Angus/Simental,285,39.22788133111598,0,0.7981302118073831,244.73074881840475
Cruzado ½ sangue,206,34.518750322455936,1,0.6806954820130948,165.7536062029301
Angus/Simental,277,36.609399356616876,0,1.1025459593987141,320.978965388651
Cruzado ½ sangue,276,32.30851567022626,0,0.7009099370821549,227.19095276499476
Angus/Simental,195,42.340478070077,0,0.6495524045034742,146.75242492839186
Nelore,94,28.886820084566747,0,0.5920237061321973,96.20281385778824
Cruzado ½ sangue,193,35.12277575209893,0,0.7572883148955258,224.2252341167443
Guzerá,302,25.411987106464952,0,0.5631956703371263,178.11487946856522
Holandês/Girolando,355,38.28923554633976,0,0.8358076320019558,273.47547690830856
Cruzado ½ sangue,339,27.372343337592554,0,0.4849111429287225,132.83304513386673
Angus/Simental,67,29.100129219347924,1,0.5927796244745523,78.91414340661115
Angus/Simental,219,36.82297144520119,0,0.881854993130152,221.65986387896808
Nelore,39,29.197738421976315,1,0.7085552868963635,65.5301776981164
Cruzado ½ sangue,245,27.855479853164837,1,0.6246999411312191,177.2759721032606
Cruzado ½ sangue,363,32.862100539861466,0,0.7271907372561598,299.839274289064
Guzerá,20,26.161257688971506,1,0.6911096666296587,38.85883569286862
Nelore,240,21.453971978792172,0,0.7872617676329852,183.26117688364246
Nelore,346,25.797063691821744,0,0.6721174351990153,226.16738496746095
Cruzado ½ sangue,310,34.62905557494187,1,0.8532029848986641,282.16141410326566
Holandês/Girolando,144,41.93529364697872,1,0.680831632304702,177.89824068724621
Angus/Simental,38,32.80846287620108,1,0.8847089685262334,65.4835661424086
Holandês/Girolando,338,40.79224025249867,0,0.8866133556675585,339.8051676510783
Angus/Simental,337,42.600832514122125,1,0.8996813462701566,349.51700723630927
Guzerá,212,28.331218876972695,0,0.6806515811381896,142.15457447410293
Cruzado ½ sangue,358,32.61885685194426,0,0.8157507033895204,296.02400445716114
Nelore,2,27.36208290336498,0,0.6657054151373124,31.16743058316701
Holandês/Girolando,226,36.85327757832748,1,0.8042860682544979,213.81201465698442
Cruzado ½ sangue,15,34.87127913163863,0,0.9095542741115538,43.15859150092786
Angus/Simental,342,38.87796787914299,1,0.6925781519493762,300.21642331488846
Cruzado ½ sangue,249,35.5176160244088,1,0.6652603004798955,223.73819172802337
Nelore,334,29.461558345924033,1,0.6751182346254092,321.7092964331762
Guzerá,206,28.456291851042327,1,0.6913533773135939,184.44895698928778
Nelore,31,29.33107386535195,1,0.4696931764681978,49.58759053304844
Nelore,10,31.746410506460904,0,0.7169460890617162,42.52918338904822
Cruzado ½ sangue,123,36.483291081466554,0,0.6978774997263276,102.00810369395822
Cruzado ½ sangue,272,29.781893479100745,1,0.5727400180716443,172.82530911650798
Cruzado ½ sangue,56,25.767423812517016,0,0.6954031571405435,51.82477293508352
Angus/Simental,312,44.94571785206549,0,0.7999089685823598,240.40457779404767
Cruzado ½ sangue,88,34.02663492284905,0,0.8383647063984121,119.65686677263594
Cruzado ½ sangue,182,26.142056418015514,0,0.8867643522592302,190.78249994957122
Nelore,75,26.50163175973451,0,0.6217369647383058,74.22557488952009
Nelore,171,31.701560023294398,0,0.5927433585192234,77.39906176255957
Holandês/Girolando,166,38.601615844335534,1,0.37350051577285914,143.9456486982142
Angus/Simental,2,35.695723613063926,0,0.7710896500275471,35.22883329312517
Nelore,208,33.90308651109538,1,0.6821341242630827,228.51582028089712
Holandês/Girolando,288,34.76356426808095,1,0.6891009405098228,208.34560479369998
Cruzado ½ sangue,342,29.807386568980665,0,0.8125470747887044,263.9222135660707
Nelore,121,29.739852662668937,1,0.7240218673526962,78.85295946325152
Guzerá,322,27.171364796161647,1,0.6404490019796066,261.5103743915462
Angus/Simental,321,40.23354365453329,1,0.7666369173864733,272.66596289628205
Cruzado ½ sangue,361,36.64495217827579,0,0.9002287363773647,307.3196142726131
Nelore,137,29.69502517238531,0,0.7460971335486332,106.38993176904336
Angus/Simental,311,40.20222772522284,0,0.6743278441523898,255.06894755871858
Guzerá,207,25.22237222205475,1,0.40060185794475844,130.02207510083934
Angus/Simental,22,38.28214236456522,1,0.6895313778797699,66.95351888262185
Nelore,99,29.37636963018772,1,0.8655746258880452,104.22982966786853
Holandês/Girolando,246,41.07549067909518,1,1.2471555099194451,363.07170922344454
Guzerá,59,28.317619422748283,1,0.6603883837846153,51.54787258521142
Nelore,159,30.94300988680691,1,0.5200460144538884,107.45033266980612
Angus/Simental,283,38.19897651305082,0,0.689587090157071,205.82456869768825
Nelore,55,26.16805905270636,1,0.7583706384155052,73.3502493412967
Nelore,182,29.236849403219484,0,0.4813148973094507,135.6653525061633
Guzerá,79,25.91594664531277,0,0.7467623579657938,98.90368668884308
Cruzado ½ sangue,196,33.77272631925279,1,0.9686499566029183,209.33308749532878
Cruzado ½ sangue,88,41.82610122856161,1,0.7408029953811293,121.89617783976801
Angus/Simental,353,35.64302249656444,0,0.7375366967741056,273.60337909958815
Nelore,28,30.478011566938758,0,0.6805644412549324,46.805254517787
Guzerá,352,29.205386201732892,0,0.7363567180583378,246.31772248558403
Nelore,290,29.34300669934784,0,0.654661504282683,189.6440038504562
Holandês/Girolando,313,51.689225595860826,0,1.1453436234136076,399.7138578259088
Angus/Simental,311,36.298823187208356,1,0.7834006552084446,305.1753758590483
Cruzado ½ sangue,69,34.29635688928019,1,0.7855899084331466,90.80619920834569
Holandês/Girolando,340,36.00597127553509,0,0.4354171553563873,156.66835249832667
Guzerá,217,24.94542579457012,0,0.7415607250736524,236.430213569479
Angus/Simental,352,39.120202596784964,0,0.9667290774473096,397.3356036767193
Holandês/Girolando,321,44.231520311538645,0,0.860095845038222,282.1137801399088
Nelore,212,30.11683191908251,1,0.7192867523796533,182.4204091119987
Guzerá,137,29.77734454800421,1,0.6728764793463782,117.97777926154625
Nelore,43,28.667621412925648,1,0.6094550762422358,56.39374479752244
Nelore,37,27.83741014556348,0,0.7742030994837992,49.70698997725527
Nelore,143,38.46394787547786,1,0.6860457909754262,144.90456582848995
Holandês/Girolando,297,41.97118824721015,0,0.7438202681066997,287.4955225103112
Holandês/Girolando,185,36.40259227010726,0,1.0686713300261674,202.43865220750868
Guzerá,176,23.917208713255793,1,0.7194820131493387,129.10183201267324
Guzerá,90,23.171960256405978,1,0.5103331197281326,61.82043384692636
Angus/Simental,207,42.21456210135555,1,0.7766104009979317,198.60370493100837
Cruzado ½ sangue,233,31.542490828427034,1,0.685585394744289,248.1113411984988
Holandês/Girolando,359,40.63681237828243,1,0.8707274612942615,399.7138578259088
Nelore,267,28.77771963946606,1,0.5541203238636967,213.20786435275534
Angus/Simental,222,41.29171583573421,0,0.8545098903175858,217.53308056166608
Nelore,333,26.03639567490593,0,0.7198577984234825,238.49265833912216
Guzerá,156,22.773283141570953,0,0.7014775571228855,103.18629708996227
Angus/Simental,342,39.009337882317176,0,0.958477336485596,369.86512730376285
Holandês/Girolando,136,43.004796423499485,0,0.8435509572833397,166.82496543130074
Cruzado ½ sangue,47,34.33012925239056,0,0.7383351649743991,83.03740597948834
Holandês/Girolando,153,35.95273135451336,1,0.6487380933642571,131.06691763886275
Cruzado ½ sangue,47,35.709939368365575,1,0.8052986946910262,72.01489147126324
Nelore,44,26.39648675516528,1,0.597055372735724,54.458774217078236
Nelore,322,27.17461474324766,0,0.7096803630639891,263.3245928825997
Guzerá,291,23.168139425833992,1,0.5407918500174616,155.20586591969078
Nelore,81,33.55405422028211,0,0.5367347389123808,87.55315515586987
Angus/Simental,306,40.85039693462307,0,0.7345584051180766,248.95834177376094
Nelore,26,31.117476814876056,0,0.836693140223321,44.29629947883968
Holandês/Girolando,104,46.23605710571225,0,0.8826140672377426,104.25637309394546
Cruzado ½ sangue,258,44.2505969929549,0,0.6026680125988421,185.24205239910697
Cruzado ½ sangue,111,26.16309558435938,1,0.8071640711227819,139.9883575880982
Guzerá,267,23.784870257368674,1,0.6003700635978162,239.5222115327408
Holandês/Girolando,320,36.919124579127384,1,1.2780433652978258,399.7138578259088
Angus/Simental,25,34.17131169927788,0,0.8237159043260323,70.34826942014848
Cruzado ½ sangue,9,28.68966700958515,1,0.7665108118912572,35.38361768471265
Cruzado ½ sangue,344,31.801387743778537,1,0.8071051133161121,357.6548150243147
Angus/Simental,190,32.52528328119768,0,0.6239140007473694,137.37436403858396
Cruzado ½ sangue,185,34.340169470149654,1,0.8476328782010315,183.31772957637753
Nelore,170,29.180944125000153,0,0.8313881569375999,154.78786805077178
Holandês/Girolando,159,42.40514332381828,0,0.799206713756473,127.67268789536402
Nelore,252,30.777049580733884,0,0.42450806239087147,159.83175647762624
Cruzado ½ sangue,212,35.4120274137067,1,0.7961006767939242,195.48786251329238
Angus/Simental,60,36.31965978429253,0,0.9752436374221463,84.97247482134966
Holandês/Girolando,229,50.60571701316834,0,0.8903521526872391,218.18655401358433
Guzerá,244,26.703293349446295,0,0.6137570919150608,161.85686851658755
Nelore,42,22.48130336581322,1,0.6423016571442642,67.61348782203804
Angus/Simental,138,33.48930914405202,0,0.7084865394450385,170.33380680491146
Nelore,289,22.908239538402647,0,0.673166748666602,158.30294490700481
Nelore,226,29.060671202029575,0,0.8368343053620949,202.09438944729615
Nelore,50,28.573681715813333,1,0.7441870224431494,54.1641027895747
Nelore,15,27.3605100573519,1,0.5988795289839959,42.424512002946656
Holandês/Girolando,213,50.05463056200257,1,0.5772670535097387,185.9065105312432
Holandês/Girolando,169,42.744914370384556,0,0.496539857403756,111.92378592034032
Guzerá,351,28.178295084339002,0,0.775765111057376,281.7692645264006
Nelore,191,25.741242792202637,1,0.5480807440435219,123.86290444580752
Nelore,340,25.502992880341456,0,0.5992899401101127,256.84845206706586
Guzerá,79,26.110416497290863,1,0.6191654838218351,82.74736606312096
Nelore,164,29.60552498878279,1,0.45118539784375455,118.28741995228354
Cruzado ½ sangue,51,25.574753731542174,0,0.5714504575539243,24.463179354821865
Nelore,210,28.36892542002663,1,0.7221477438142669,184.4141810144447
Guzerá,69,26.042216248620516,1,0.8077011261850263,109.26317687230954
Guzerá,180,25.354552502686612,0,0.7816258366067349,191.5561235058552
Guzerá,126,23.55982876295997,0,0.6862313226265794,77.08800983445403
Nelore,68,27.11162686327601,0,0.6564545550937387,67.64471951713105
Nelore,36,28.380992822495212,1,0.5438652955766444,36.5078513958738
Angus/Simental,187,38.40860010624522,0,0.8196906130704268,225.36573254091581
Nelore,346,31.11677053892699,0,0.6113862450732153,229.541629568211
Holandês/Girolando,73,45.404281024754354,1,1.0144653027448398,109.03905654462352
Holandês/Girolando,148,38.52826138236375,0,0.9600795236892544,181.28016614418954
Guzerá,82,24.631531411653928,0,0.30205012641950135,20.93680169990584
Guzerá,296,27.31296702060292,1,0.5042203656846671,161.94753042825837
Cruzado ½ sangue,152,35.44337966564342,0,0.8411663962654048,164.0144363558596
Cruzado ½ sangue,356,31.26319826696446,0,0.7509925002045048,302.57228312061295
Nelore,90,31.766377169381602,0,0.5273428133607322,49.970390018900304
Guzerá,30,28.93875602346792,0,1.0498242419920882,57.11703711097034
Nelore,213,33.520902629805356,0,0.6093025629167715,180.462105604448
Holandês/Girolando,238,48.891604533599114,1,0.9022407062889112,236.95014468384483
Cruzado ½ sangue,362,29.534335445362245,1,0.8259470579210021,357.48151927218805
Nelore,319,29.048643732663788,0,0.6365106665141039,216.49346983845828
Guzerá,323,26.03383308985598,1,0.5547190903859949,272.0518180857874
Angus/Simental,232,37.55866894160371,1,0.993787671489351,270.8102736824903
Nelore,132,26.727579781364522,1,0.7808985441130057,126.67422825064345
Holandês/Girolando,157,32.572189983844645,1,0.997119226572871,206.45729047816522
Cruzado ½ sangue,49,33.37071778411602,1,0.8289116941912695,59.23827113285088
Nelore,158,26.310755191582306,1,0.6050222149903659,117.91900370405685
Nelore,134,29.300977182616688,0,0.8830619492003632,139.25086161436715
Nelore,14,26.220847604054015,1,0.6420949239666482,34.3844931458265
Angus/Simental,75,33.05153744370046,0,0.8552282387835263,108.86564641680826
Nelore,196,29.820044261319143,0,0.4415216287312461,124.23366699556085
Nelore,135,29.528225343822736,1,0.43365284521941955,74.25241698134862
Nelore,363,31.027486899623266,0,0.6932335209579131,264.6754591746202
Nelore,175,36.65052318246169,0,0.6064754571163065,171.87981697959952
Holandês/Girolando,350,41.38644765605424,0,0.4346654262618018,148.0547886484743
Nelore,242,30.697786184724453,0,0.6748039667642424,188.26749409224794
Holandês/Girolando,15,34.61219335566337,1,1.1338389150397887,50.431344083216885
Holandês/Girolando,75,33.565462797318126,1,0.9759365964137379,105.89391310127324
Cruzado ½ sangue,258,39.33131778709333,0,0.7051266254502042,168.6308303055713
Nelore,199,25.76782077023344,0,0.5907279095307596,170.1705629769482
Angus/Simental,111,33.30225167839111,0,0.8605770544019712,115.86614923220324
Holandês/Girolando,191,39.80450539391723,0,0.9995146253061412,249.31906593219998
Nelore,330,28.68432655317914,1,0.5628247993839454,215.1235627864058
Cruzado ½ sangue,142,29.389973974226834,1,0.7722541931563316,127.20915968593968
Angus/Simental,17,36.62762051579105,0,0.8952904323112989,59.793396493709785
Nelore,114,33.302815011775365,0,0.6981768756146369,129.75269518762673
Angus/Simental,342,34.37302876025691,1,0.7804332703496432,327.32089714493753
Holandês/Girolando,279,33.03163757816914,1,0.829039998488293,297.76891565306124
Holandês/Girolando,306,44.71296810449896,0,1.027643075998678,335.05581196300665
Angus/Simental,333,40.215336103721164,0,0.9083996273646827,323.5133838233907
Guzerá,43,24.138444138054016,0,0.7458352376347716,49.31718763304299
Cruzado ½ sangue,104,26.67133193549233,1,0.9863699730292367,143.9000662904469
Guzerá,22,23.76612993068431,0,0.6193096805987681,32.224235341889525
Cruzado ½ sangue,2,32.78118225260292,0,0.978159782148007,38.07405096491789
Holandês/Girolando,305,45.828360449419094,1,0.8048675191176619,298.5421147011239
Nelore,342,25.3719630879562,1,1.0807228476627946,399.7138578259088
Guzerá,57,25.74644035546558,0,0.5209682910464044,64.54147605714806
Guzerá,264,28.025433979684692,0,0.6101873200562548,178.08094274891081
Nelore,196,20.665564309573277,0,0.7379799259431956,154.23482359545716
Nelore,26,32.61825158778615,1,0.7165122966481517,51.00437464879882
Guzerá,335,22.45264828338069,0,0.8197314291115868,303.8829823630574
Nelore,319,30.16198422709927,1,0.6272135439765592,228.9099526997561
Nelore,208,29.863391023637604,1,0.7471314365361117,188.09450020260346
Cruzado ½ sangue,259,37.33834556585538,1,0.9242084793955152,288.0917901163739
Cruzado ½ sangue,145,35.203697523574164,1,0.7338520790884866,158.15097869690163
Cruzado ½ sangue,290,23.490838033080074,0,0.6102318973643248,183.3539010752959
Guzerá,163,23.645662258532028,0,0.8939402356949824,205.0784458102614
Angus/Simental,362,38.62192308208976,1,0.9195137068024767,388.7818489576419
Holandês/Girolando,24,39.02510056940107,0,0.9143105392173387,59.118794031936694
Nelore,63,30.671637554148695,0,0.6439289897493573,69.08261996798724
Nelore,354,31.76278294484397,0,0.7156230263623722,224.55999509106618
Cruzado ½ sangue,106,35.433806945718715,0,0.6961753694009517,92.27223120728407
Nelore,114,28.250037701059373,0,0.7276925942063437,102.2061176092006
Holandês/Girolando,289,30.7683149443976,1,0.8740241712176812,328.3326677384837
Angus/Simental,70,35.95033438015332,1,0.6868043341685908,83.58635757766346
Nelore,188,30.457288518486344,1,0.6129152651754266,138.73117978059045
Nelore,105,25.183434616073328,1,0.6447359052386742,112.84641926293118
Angus/Simental,73,40.840736285547095,0,0.9046099264401294,127.93119105669183
Holandês/Girolando,352,44.54196648633652,1,0.8231644989296752,392.68030870843256
Nelore,73,29.44403441703545,1,0.880264285827301,82.12444513871169
Angus/Simental,35,24.5,0,0.9352407305838173,52.578983278577184
Angus/Simental,246,32.248602367796884,1,0.7695259285216343,276.4868503951068
Holandês/Girolando,317,49.430945792780406,0,1.0338555337043291,366.72134258493844
Holandês/Girolando,47,37.26731103485811,0,0.7662757356507861,70.3676011280205
Nelore,259,22.055498719048515,0,0.711320857280322,213.53231748884917
Nelore,198,33.32336585908595,0,0.8198208401740358,213.50336390779432
Holandês/Girolando,303,40.066777957718365,0,0.5737530141270133,182.3323287195715
Nelore,47,32.86729171135204,1,0.63874134106145,65.27800869088121
Cruzado ½ sangue,357,34.10783470087746,1,0.7831276687530273,362.993369311912
Cruzado ½ sangue,226,34.83423654484868,0,0.5835049471394986,131.37074048183132
Nelore,308,30.270532367000808,1,0.7155463873416584,267.31216759019156
Holandês/Girolando,133,43.487441559605,0,1.0071582604803344,157.02336853391324
Nelore,345,36.97100656994635,1,0.6500545617604214,252.44482733882057
Angus/Simental,229,42.36952851181635,0,0.8819430401730288,222.85405465019417
Nelore,47,23.468812387540627,0,0.8380385509353888,68.05283176173691
Holandês/Girolando,337,42.233307576394516,1,0.7643349196862144,309.8032056873594
Holandês/Girolando,291,45.707403840516086,1,1.0065216030438413,335.5425625812569
Guzerá,110,29.60810241960844,1,0.4983167937645973,85.2819114520728
Cruzado ½ sangue,200,31.293580067763603,1,0.6883091428970919,148.0606057457077
Cruzado ½ sangue,142,37.65977778075251,1,0.5729394034713691,127.1344911034116
Holandês/Girolando,199,44.638711997756026,0,0.7674030215712148,217.93905484141197
Cruzado ½ sangue,353,43.29006974787892,0,0.916456669576256,343.360990016454
Angus/Simental,329,34.6249921868817,0,0.7567888736599019,259.23644776082045
Guzerá,79,24.477798270798726,0,0.5399303136521357,72.40513974186202
Holandês/Girolando,355,38.46940475770023,0,0.6883336365708088,200.82718468942346
Nelore,160,27.284222474864286,0,0.678129669156679,145.9347153866106
Cruzado ½ sangue,258,29.439917000945588,0,0.983357866444501,351.2807846134383
Holandês/Girolando,279,26.186622471631285,1,0.8531576913301977,274.2007518668866
Guzerá,177,24.695901578830597,0,0.47965843422669513,104.64044304915129
Nelore,167,30.292753208949666,1,0.7579581484699449,173.51570544147572
Angus/Simental,167,35.7805016952234,1,0.7667961986346358,198.99096841168702
Guzerá,315,31.80614355058733,0,0.5607685742420767,218.8866479849666
Cruzado ½ sangue,142,33.05350325086345,0,0.7540776841173449,99.3265286269264
Nelore,103,33.518601693144475,1,0.7286511331900775,117.6529946504381
Angus/Simental,132,39.176391857284855,1,0.5625263469209667,160.37131829129595
Nelore,72,31.8924255846264,0,0.6973740088074142,90.49360276600346
Nelore,143,29.97734543876747,0,0.6787129634904687,105.0996625426764
Angus/Simental,42,44.15953084356603,1,0.7918852307781459,80.32020429519496
Angus/Simental,33,38.2517270755958,1,1.0277927148470758,60.48168844507656
Nelore,265,30.73642247831075,0,0.5477604461345779,196.01778345800707
Holandês/Girolando,29,41.83166466825022,0,0.6539179212332155,52.617909587900115
Cruzado ½ sangue,208,31.846858167490726,1,0.7853809372937005,202.62705408393427
Angus/Simental,285,39.82242043516104,0,0.966530662811869,278.40572774014794
Guzerá,265,32.70315873859305,1,0.6064550255775522,191.03824934846662
Holandês/Girolando,163,38.64801528952279,0,0.4855159326322227,146.97392223957797
Cruzado ½ sangue,71,34.677859571412995,1,0.6709398065520984,83.69942743638263
Cruzado ½ sangue,340,38.031115803477775,0,1.0262446371181557,350.87640118802256
Cruzado ½ sangue,305,37.56101312377712,0,0.7609010436806908,221.87178412139883
Holandês/Girolando,224,40.05858208859683,1,0.9845800616596362,223.5176384598486
Nelore,32,20.658139539649234,0,0.6050775036593964,28.776121807232432
Angus/Simental,13,40.325162683918094,1,0.7450546377436791,50.65214453089909
Angus/Simental,116,28.012365836196263,0,1.0398730406187378,165.40902661392283
Cruzado ½ sangue,58,38.87974892376492,1,0.7487960934201027,75.53062186580524
Nelore,315,29.59315854917641,1,0.5852443467246811,275.2763504734637
Nelore,76,32.49885906955196,1,0.7380203138068117,78.65176852515454
Cruzado ½ sangue,104,29.391555447275795,0,0.7237460770926041,100.80525093549133
Nelore,357,23.56622384344981,1,0.6816644197427525,256.01433511361677
Angus/Simental,299,39.17339472863525,1,0.9073807843905155,353.05181265076425
Guzerá,80,25.899189680131574,1,0.729342981370153,114.04959604170628
Cruzado ½ sangue,140,31.03383669537134,0,0.7830693615484087,107.54775439874331
Angus/Simental,189,38.380975763297435,0,1.0323325931363505,222.22382733009633
Guzerá,243,34.30230767609678,0,0.7395176154074298,235.89938034516703
Guzerá,342,28.503576642107173,1,0.412207506526427,146.87954931522358
Holandês/Girolando,318,45.247493029316594,1,0.8226939247616518,340.28555960814555
Holandês/Girolando,357,44.219684457766775,0,0.7678591503558789,333.51054049994696
Guzerá,15,30.43838643155658,1,0.6591337177274906,40.806699810658806
Holandês/Girolando,87,39.04964163549628,1,0.8541586540413634,121.51487454762223
Angus/Simental,206,28.753574115461177,0,0.8153378065980913,231.3543903097559
Holandês/Girolando,18,39.05706933496995,0,0.8717078218884916,67.87980323101371
Nelore,130,31.841074984987756,1,0.7787786889774948,131.95991402118332
Guzerá,57,23.09059881465478,1,0.6441725337564621,53.42333242126418
Guzerá,341,25.47090214853201,0,0.4146662697429208,120.08079883510104
Nelore,24,26.578805899491904,1,0.99302236088817,58.014510829820864
Nelore,55,34.257102381450956,1,0.6411089705470308,53.35685282042944
Cruzado ½ sangue,72,35.99782806162626,1,0.670771606479566,80.88878988531681
Guzerá,55,27.954621861931876,1,0.4287540718529846,52.74591058750653
Angus/Simental,208,40.79720590904437,1,0.784869706959415,198.24584107340362
Nelore,133,28.869627616067557,1,0.5808029441651279,111.2428528038057
Nelore,334,29.691446988846263,0,0.7219039422558383,326.19909994734286
Cruzado ½ sangue,96,28.25926167787073,1,0.9771602578170508,120.1739781184749
Angus/Simental,197,28.161011095622445,0,0.8254735624458883,176.51596778714833
Nelore,241,29.525283956207584,1,0.7610171655987071,247.18439668932663
Nelore,229,30.133965896952507,0,0.5269421743144639,148.6195274594754
Nelore,291,33.232425989488824,1,0.8809996327922829,343.117201009837
Holandês/Girolando,74,47.85667908041184,0,0.6282194211259134,96.59545847261604
Holandês/Girolando,186,47.84999242499473,0,1.1124666158833616,245.99624204373788
Nelore,293,25.506917423471428,0,0.8729337006029916,218.05232434097974
Nelore,316,27.767072377675806,1,0.7947671722755145,250.32962556457812
Holandês/Girolando,226,42.4016714794069,1,0.6056308736299187,143.0607376828233
Angus/Simental,238,49.3935710498398,0,0.8820633293920058,259.7245644988776
Cruzado ½ sangue,316,38.920396814855664,1,0.7459335341299491,253.32272201107554
Holandês/Girolando,229,45.5969858099919,1,0.8431930611797702,276.81553678333256
Nelore,347,27.642742155577483,0,0.7130080838264758,255.51265923723707
Nelore,47,25.908801290957065,1,0.47883211087383554,45.75452266548965
Nelore,127,31.76117759184134,0,0.7982161017391376,118.02755810267504
Cruzado ½ sangue,41,28.59735494306256,0,0.7448271854032325,65.46482622173683
Angus/Simental,34,36.927036420588635,1,0.6515500046117809,51.62770505108081
Angus/Simental,173,37.48349922949135,0,0.7537780278636623,145.28429316445855
Angus/Simental,83,45.16810440105264,1,0.8213131072869738,130.53571786577072
Angus/Simental,149,36.403862136681454,1,0.6540110407248747,140.72801809170636
Angus/Simental,160,27.02337662642323,1,0.6537280214601788,127.53630738714894
Nelore,227,30.76555626681864,1,0.7434797504992964,222.6197182469587
Nelore,346,26.553423514136256,1,0.7243086117920721,297.76118857916316
Guzerá,311,26.127893073313242,1,0.5728031037237946,231.62660763655376
Holandês/Girolando,139,39.56647649578938,0,0.6302711876327857,111.87531575063943
Nelore,119,28.042036014637812,0,0.7391866016768548,151.88403271826272
Cruzado ½ sangue,282,36.16136232713882,1,0.5385641048329158,186.12996507521987
Holandês/Girolando,46,32.335675608236464,0,0.6348230791104653,78.30253189612436
Holandês/Girolando,198,37.4149288752282,0,0.7343894474466398,173.94113070907136
Nelore,155,31.394132695910834,0,0.6483341429602287,147.7407621319913
Nelore,67,26.85070328629471,1,0.6338191296043982,78.86378529119332
Nelore,226,23.369176517555097,0,0.6040191899517776,179.64021402792068
Angus/Simental,118,41.00849904465531,0,1.027382434823034,147.73344872616315
Holandês/Girolando,68,45.6154731522077,0,0.8548300313429172,117.8345286132443
Cruzado ½ sangue,239,32.82001916942797,0,0.7919729262132582,258.44549964445554
Nelore,64,22.137040405356636,1,0.746112993838596,66.60062650537725
Guzerá,246,28.11790924009645,0,0.5440199831389212,153.06769577002945
Guzerá,60,21.020336355740938,1,0.4087140024756232,39.10210089305497
Cruzado ½ sangue,159,34.235197107392665,1,0.9671764211021958,181.60795334053813
Cruzado ½ sangue,295,29.450144701031363,0,0.7647741557025975,286.8218449585179
Nelore,84,24.94056249981562,1,0.7591107988627219,74.08459797828648
Angus/Simental,281,36.01140492314139,1,0.8052086905478801,250.63694591190148
Nelore,264,28.35845855250459,1,0.8495359755266246,305.86555581654534
Angus/Simental,330,35.101062873260986,0,0.6917738506178494,262.77091369056166
Nelore,62,31.060461473753026,0,0.6317038944232163,96.74881315323563
Nelore,262,27.43875717539408,1,0.5553444356276355,172.79478574382966
Cruzado ½ sangue,342,36.920763486687285,1,0.9061036259983798,370.4275873960458
Nelore,279,29.984106079752177,1,0.7662862177879833,239.48546333551178
Guzerá,69,23.907328380211077,1,0.4415151194559116,56.26284158924981
Guzerá,301,23.402180348503144,0,0.4634217290426516,98.42847700013323
Nelore,40,23.233762953333965,1,0.6422612770340436,55.80601501011372
Cruzado ½ sangue,215,34.16293271146729,0,0.6805601116286528,181.5568944422593
Angus/Simental,182,36.40435603736889,1,0.7309294667505878,171.1668385416586
Angus/Simental,194,27.325120123714186,0,1.1038078500319572,228.58899021596278
Guzerá,190,24.3928553816918,0,0.6218604265610709,119.13987505082085
Holandês/Girolando,12,35.49482985372524,1,0.8673302531613487,49.907410544927615
Nelore,186,34.514871572597315,1,0.6255265132882892,128.88101475247657
Nelore,342,23.040274858373415,1,0.8336282916904074,343.08915607439724
Nelore,160,23.95527220093081,0,0.70067392185885,177.1103427089131
Angus/Simental,102,42.99486339397565,0,0.717425788909529,140.00587913740455
Angus/Simental,364,44.10543420858784,1,0.8721471510047147,338.1882919254104
Cruzado ½ sangue,37,30.020068245097434,0,0.5145613709403234,43.872348214849076
Holandês/Girolando,178,36.839570885955446,0,1.0922059270468707,237.64138938856223
Holandês/Girolando,188,43.081176982766564,1,0.9443466452503865,222.68963047504585
Holandês/Girolando,175,28.364501015273447,0,0.9694238940472093,166.37963186933536
Holandês/Girolando,337,30.69403157747222,1,0.5340833176797213,241.29692738738868
Guzerá,154,25.157799797447865,0,0.48020929278501634,98.9107488413327
Nelore,356,34.42461698145194,1,0.5728953366240869,317.1460842173041
Nelore,25,27.47494469141641,1,0.7343135832179049,43.82140815986641
Angus/Simental,268,38.454215562808194,1,0.852210505611644,309.2955068197851
Holandês/Girolando,217,45.66894636282006,1,0.8034677303460104,197.04291186101412
Angus/Simental,88,47.48098129975166,0,0.6078848431634862,85.65520140978515
Nelore,84,26.981030343980905,1,0.6137334589521118,89.04176374622003
Holandês/Girolando,263,39.91581638133287,1,0.7934707784725721,288.06228672597007
Nelore,233,35.37719327469995,1,0.6684443321761807,176.27647176960357
Nelore,224,23.672302536830003,1,0.5290447335454437,150.16502467243834
Nelore,19,32.59653374693838,1,0.8299495081575505,38.798857290675016
Nelore,219,25.435895636735594,1,0.6788424300008137,176.72689181090678
Angus/Simental,359,38.4611256519642,1,1.025629511391179,399.7138578259088
Guzerá,7,25.272142857799178,0,0.47883801263966674,26.795878443163108
Holandês/Girolando,172,35.20994199649385,0,0.8658138763945719,177.0336519024744
Holandês/Girolando,181,35.084490361708625,1,0.7481117923147867,149.20738057429938
Guzerá,328,26.829243092761264,0,0.4732969948704811,144.9900674266348
Holandês/Girolando,104,44.97769664081341,1,1.1214338303755846,190.0889993987465
Nelore,174,28.54592328884024,1,0.7334595356994612,159.81566279919676
Angus/Simental,262,38.315509214299475,0,0.8715875771304963,229.4604901285548
Cruzado ½ sangue,23,35.284696265164186,1,0.716999773893179,49.37757446060372
Cruzado ½ sangue,293,29.11352490794816,1,0.8063271604253868,236.6506135397713
Holandês/Girolando,301,43.69846254206462,1,0.5702347024420451,202.95585977062478
Nelore,263,31.867700839709116,0,0.833226597681259,274.50803953507454
Angus/Simental,237,49.716318344376845,1,0.9089291317096363,270.43881744008274
Guzerá,273,24.871687428321252,0,0.6510000476257393,239.6191213303331
Nelore,286,27.396713694161555,1,0.7415552756569274,250.8995049039705
Guzerá,330,28.306897614721237,0,0.8041417250594759,273.9966072691686
Cruzado ½ sangue,157,36.276416675648555,1,0.7626002509281135,169.08108197537462
Holandês/Girolando,167,37.32456423311644,1,0.5539157960515901,76.34125672957994
Cruzado ½ sangue,233,31.387349292279804,1,0.6680199279097861,200.37277326813106
Cruzado ½ sangue,71,35.16452335287216,0,0.6772203928526996,82.59145516655956
Nelore,313,26.103455157428684,1,0.7112837457542438,307.33890967312936
Angus/Simental,282,36.15259705393243,1,0.7997226160436006,300.96497663915653
Guzerá,231,26.268778302105304,0,0.48302183464014914,102.31903473840133
Holandês/Girolando,111,44.97969342411129,1,0.8434312071245266,159.38995511981653
Nelore,127,26.883904843371607,1,0.6534861181476463,105.1805719303341
Angus/Simental,159,29.709269920861978,1,0.7281650811070043,127.90142332853469
Nelore,242,22.29190886368626,1,0.5247351996674506,163.4690537574707
