Idade_dias,PN_kg,Brix_perc,Isolamento_dias,Sexo_Macho,Filho_Novilha,Peso_kg
68,26.8,24.7,0,0,0,75.1
171,26.6,27.4,0,0,0,150.4
132,33.6,26.8,1,1,1,126.6
108,26.6,19.9,0,0,1,94.3
29,26.9,19.9,0,0,0,52.6
29,31.5,21.5,4,1,0,48.7
11,28.6,22.6,0,0,0,26.7
156,31.7,23.1,0,0,1,128.5
109,23.7,25.9,0,0,0,101.8
128,28.9,17.7,0,0,0,119.3
5,22.6,16.8,1,0,0,36.1
175,23.7,22.9,2,0,0,140.4
150,33.6,26.1,3,1,0,142.6
39,25.2,20.6,0,0,1,54.8
34,29.3,25.5,0,0,0,60.9
34,28.2,21.4,1,1,1,59.5
55,27.6,28.8,0,0,0,71.9
95,33.5,29.0,0,1,0,110.4
78,22.0,21.9,0,0,0,73.8
53,30.5,21.1,0,0,0,57.1
111,35.3,23.1,0,1,1,116.0
26,29.5,21.2,3,0,0,48.0
53,34.4,25.8,2,0,0,66.8
67,23.3,27.8,0,1,0,69.9
83,28.3,25.8,0,0,0,87.8
142,26.8,27.7,0,1,1,128.9
37,31.2,23.0,2,1,0,63.2
93,36.3,20.0,0,0,0,95.7
107,26.7,26.6,4,1,0,95.6
9,30.4,22.6,0,1,0,48.3
110,26.0,25.8,0,1,0,106.9
32,29.6,21.6,0,1,0,63.7
13,28.7,18.4,4,1,0,37.0
171,35.7,33.7,0,0,0,157.2
174,30.0,20.0,0,1,1,147.8
146,27.7,33.1,0,0,0,125.4
56,24.8,32.0,2,0,0,68.9
18,25.4,27.3,2,1,1,35.9
123,26.4,25.6,0,0,1,109.1
80,26.7,24.8,2,1,1,82.4
23,32.6,28.4,0,0,1,49.6
90,29.5,21.8,0,1,0,101.1
7,29.2,23.7,0,0,0,41.5
164,24.8,25.2,0,0,0,138.6
47,32.8,23.1,0,0,0,68.5
120,31.1,23.3,4,1,1,117.7
57,23.8,22.3,0,0,0,72.5
94,30.9,24.7,0,1,0,105.6
99,29.4,28.2,1,0,0,101.6
34,24.1,20.7,3,0,0,42.9
175,28.6,30.0,0,0,1,144.9
140,28.9,26.0,1,0,0,126.6
169,25.6,27.7,0,1,0,150.4
161,34.6,24.6,0,1,1,149.8
108,32.6,27.1,2,0,0,108.2
166,30.5,15.6,0,1,1,152.6
17,28.7,27.6,0,1,0,48.5
36,28.2,17.1,0,0,0,60.2
9,30.4,28.9,0,0,1,43.5
59,29.4,33.6,0,1,0,80.8
71,23.6,21.8,0,0,0,76.3
50,29.1,20.8,0,0,0,67.8
149,32.0,26.9,0,0,1,127.9
65,28.6,21.4,0,1,0,81.1
51,23.3,28.4,0,0,1,63.1
98,31.8,19.0,1,0,0,99.5
26,26.1,19.4,0,0,0,37.8
145,26.7,32.1,0,0,1,116.2
14,25.6,25.8,0,0,0,36.0
178,27.5,28.1,0,1,0,152.0
139,31.4,22.2,0,0,1,119.6
37,29.2,25.8,0,1,1,62.3
2,26.1,25.0,0,0,0,38.4
147,33.1,25.1,0,1,0,144.3
128,33.1,25.9,0,1,1,123.9
131,33.0,24.8,0,0,1,125.8
139,26.5,23.3,0,1,1,119.8
14,28.6,21.6,0,0,0,41.4
65,36.6,26.9,0,1,1,79.5
22,31.6,21.0,0,0,0,56.0
155,22.3,26.0,0,1,0,142.4
113,23.7,21.1,2,1,0,100.4
60,28.7,25.3,0,1,0,66.0
12,33.7,26.7,0,1,0,46.3
57,29.3,20.9,0,0,0,67.1
59,29.0,17.8,0,1,0,68.4
132,24.6,19.5,1,1,0,111.4
115,30.4,25.1,0,1,0,115.3
160,32.2,28.1,3,0,0,140.5
86,27.9,17.3,0,1,0,80.7
22,31.7,26.5,0,0,0,48.9
129,35.3,22.4,1,1,0,126.1
137,26.1,23.8,0,0,0,114.7
101,29.2,29.9,0,0,1,99.3
139,27.0,22.3,0,1,1,122.3
89,31.9,23.7,3,0,1,85.0
95,29.7,15.3,0,1,0,93.9
78,30.2,18.5,3,1,0,85.2
6,31.9,21.4,0,0,0,36.0
20,28.1,16.4,0,0,1,32.9
7,33.8,25.3,0,1,0,47.3
115,29.3,23.3,2,0,0,99.4
57,25.5,24.5,0,1,0,63.4
92,30.8,20.3,3,1,0,94.8
163,31.9,21.9,0,0,1,138.7
46,27.3,25.7,0,0,1,54.8
74,32.7,31.3,0,0,1,85.5
136,33.6,17.5,0,1,0,131.8
42,26.9,28.9,0,0,1,58.2
15,36.5,24.8,2,0,0,49.0
53,25.2,24.6,4,1,1,51.5
30,26.1,24.0,0,1,0,60.8
167,25.9,18.1,0,0,0,141.1
146,33.4,18.7,0,0,0,127.0
114,30.4,25.0,0,1,0,113.7
157,25.4,22.4,4,1,1,127.8
145,28.5,29.5,0,1,1,129.3
34,30.0,23.1,4,1,0,64.0
161,24.2,19.8,0,1,0,126.9
98,33.2,26.3,0,1,0,98.4
146,32.0,21.8,0,1,1,120.5
161,29.0,24.3,0,1,0,143.2
58,35.4,26.1,0,1,0,85.0
21,28.3,29.1,0,0,0,49.4
42,36.5,27.3,1,0,0,66.2
77,30.5,25.8,4,1,1,83.1
147,30.2,25.9,0,0,0,129.7
155,25.6,30.4,0,1,0,140.2
2,33.1,21.9,0,0,1,41.5
92,28.4,12.8,0,1,0,90.3
76,25.6,21.6,0,0,0,77.7
41,21.3,20.9,1,1,0,53.8
22,29.5,25.7,0,1,0,60.4
61,29.2,25.4,0,0,0,70.2
170,31.0,25.0,0,1,1,152.9
59,33.3,15.6,0,0,1,64.3
94,24.1,26.4,0,0,1,93.6
127,31.2,22.2,1,0,1,117.8
66,25.9,25.7,0,0,0,73.2
175,32.8,24.6,1,1,0,158.5
173,32.2,22.4,0,0,0,146.8
46,29.4,19.6,0,1,1,59.6
90,30.9,18.8,0,0,0,101.7
55,27.3,27.8,3,1,0,65.3
52,28.8,29.6,2,0,0,68.8
8,32.2,25.5,0,1,0,51.8
110,28.6,19.0,0,1,0,112.0
91,27.7,23.0,0,1,1,95.5
10,29.0,26.4,0,0,0,44.3
51,32.3,27.1,1,1,1,75.6
164,27.5,19.3,0,0,0,139.3
44,25.7,12.0,0,0,0,56.5
27,31.0,26.2,0,0,1,43.9
89,32.3,22.5,0,0,1,93.0
177,24.5,21.4,0,0,0,149.3
44,26.5,15.2,0,1,0,56.9
121,25.3,24.4,3,0,0,103.4
137,27.6,28.2,2,0,0,121.7
44,28.6,30.9,0,0,0,70.6
131,31.4,24.7,3,1,1,112.4
67,30.4,24.2,0,1,0,86.6
114,30.1,18.5,0,0,0,106.2
114,27.7,24.5,0,1,0,107.6
97,32.5,22.8,0,1,1,96.5
17,28.8,25.1,0,0,1,38.6
151,36.1,22.9,0,1,0,145.0
58,30.2,21.2,0,1,0,75.3
34,25.0,18.8,4,1,1,49.7
8,30.6,22.1,0,0,0,34.8
107,27.4,18.8,0,0,0,104.1
122,30.7,20.3,0,0,1,113.4
4,23.8,32.9,0,1,1,26.5
93,25.7,23.4,0,1,0,102.2
42,32.7,24.3,1,0,0,64.8
116,26.4,28.6,0,0,0,111.6
32,32.4,34.4,0,1,0,70.0
125,27.0,24.8,0,1,0,121.8
70,30.3,27.5,0,1,0,84.8
169,30.8,22.2,0,1,0,152.5
26,29.1,22.0,0,1,0,45.1
62,27.2,23.0,0,0,0,74.1
21,26.2,25.8,0,0,0,53.9
167,22.6,25.9,0,0,0,132.6
158,27.2,22.1,3,1,0,138.4
47,30.4,19.6,0,0,0,73.8
119,34.4,25.4,4,0,0,114.4
147,33.0,19.5,2,0,1,131.7
100,31.5,24.8,0,0,0,93.9
96,31.8,26.0,0,1,1,95.6
44,30.5,26.1,0,0,0,71.7
18,26.8,26.7,0,0,0,48.4
162,33.6,28.6,0,1,0,150.9
162,30.5,24.0,3,0,0,134.9
114,29.5,26.5,5,1,1,104.1
62,24.7,25.2,0,1,1,79.6
64,28.5,20.5,0,1,1,74.4
131,28.7,16.3,0,1,0,124.5
162,32.9,21.7,1,0,0,144.1
160,29.4,23.4,0,1,0,138.6
141,27.9,25.2,0,0,0,121.4
116,36.0,28.1,4,0,0,118.6
16,24.7,20.6,0,0,1,39.1
30,28.3,19.4,4,0,1,39.3
162,23.0,31.2,0,1,0,136.9
110,31.3,19.1,0,0,0,101.3
3,33.9,23.8,2,1,0,46.7
19,27.0,24.9,0,0,0,43.1
120,32.8,24.4,0,0,0,114.3
2,27.1,18.6,0,1,1,37.2
30,33.7,17.7,0,0,0,48.2
99,31.4,19.0,0,1,0,103.5
125,32.0,24.9,0,0,0,118.1
118,21.7,24.5,0,0,0,101.7
41,35.2,21.1,0,0,1,60.5
128,31.1,25.4,0,1,0,120.2
43,27.2,27.7,1,0,1,57.9
59,32.3,17.1,0,0,0,69.2
135,27.0,24.0,0,0,0,120.1
117,33.0,26.0,0,1,0,115.7
153,24.8,21.3,0,1,0,130.1
119,30.9,22.0,2,1,1,111.4
103,29.4,25.2,1,0,1,94.2
18,24.5,29.1,0,1,1,49.2
67,26.6,27.5,0,1,0,78.8
48,21.2,24.8,0,1,1,63.9
45,28.7,26.5,0,1,1,60.2
175,27.2,22.6,0,1,0,145.6
71,29.9,25.4,1,0,1,68.5
161,27.1,23.7,2,1,0,134.9
114,27.2,20.5,0,1,0,108.2
143,31.3,26.1,0,0,0,130.0
91,23.2,24.6,1,0,1,86.2
104,33.5,22.6,0,1,0,113.0
89,32.7,29.4,0,0,0,102.2
36,30.5,16.0,0,1,0,56.6
130,29.8,22.1,2,0,0,116.1
51,33.3,17.7,0,0,0,65.2
5,25.9,26.9,0,0,0,36.8
117,24.1,26.1,2,0,0,111.1
33,26.5,22.3,0,0,1,43.3
169,31.9,25.8,4,0,1,141.6
172,22.7,23.0,0,1,1,145.2
165,29.7,26.8,0,1,0,141.7
67,38.1,23.5,2,0,0,85.7
4,32.7,23.1,3,1,0,37.5
167,29.2,30.0,0,1,0,147.3
78,23.7,21.3,0,1,1,77.5
174,32.4,19.3,1,1,0,150.7
173,29.9,24.9,3,0,1,145.9
154,24.8,31.5,0,0,0,130.6
54,24.4,22.8,0,0,1,57.9
70,33.7,17.9,0,0,0,83.1
153,30.5,22.4,0,1,0,128.1
58,32.3,24.1,0,0,0,70.6
31,33.1,20.1,0,1,0,67.7
101,29.6,25.6,0,1,0,103.5
169,29.2,35.2,0,1,0,147.4
126,28.4,23.5,0,1,0,119.6
103,27.3,22.5,0,0,1,99.5
18,28.4,23.0,0,1,0,55.6
111,31.6,19.2,0,0,0,105.4
178,29.9,28.8,1,1,0,151.9
26,33.3,23.1,0,1,0,57.8
94,28.5,22.9,1,1,0,101.7
158,30.0,25.6,0,0,0,138.1
134,30.2,23.4,0,1,0,136.5
126,29.8,25.5,2,0,0,112.9
127,30.9,17.9,0,0,0,125.6
65,26.5,27.6,0,1,0,74.0
54,29.1,30.2,0,0,0,63.0
146,24.6,25.5,0,1,0,128.0
146,28.0,30.8,1,0,0,133.2
156,28.9,19.9,0,1,0,136.0
164,30.4,23.8,0,0,0,139.0
93,34.8,25.0,0,1,0,109.1
91,29.9,24.8,0,1,0,101.4
144,31.3,23.0,0,1,1,126.5
117,29.1,22.3,0,0,0,105.5
127,30.2,19.5,2,1,0,121.6
143,23.9,22.9,0,0,0,113.5
160,26.7,20.1,1,0,0,138.8
62,27.8,26.5,0,0,0,76.5
68,28.8,20.8,1,1,1,65.4
18,23.1,17.8,4,0,1,29.3
105,25.2,24.5,0,1,0,92.2
7,26.9,25.0,0,1,0,34.7
84,35.7,28.5,1,0,1,89.2
98,27.5,24.8,0,1,1,90.9
52,28.8,22.4,3,0,0,73.9
107,26.0,27.4,0,1,0,109.2
6,30.0,24.4,0,0,0,45.9
8,27.0,18.4,0,1,0,38.9
148,26.1,24.7,3,0,0,123.1
65,29.1,29.3,0,0,1,82.5
24,20.3,23.0,1,0,0,41.0
94,20.6,21.9,4,0,1,80.5
139,26.3,19.8,0,0,0,115.9
40,22.8,19.9,0,0,0,47.9
112,24.7,23.3,1,0,0,102.3
16,27.6,25.0,0,1,0,49.0
10,32.0,18.4,1,1,0,39.8
96,29.6,30.2,0,1,0,103.9
98,29.1,26.8,0,1,1,92.9
115,27.1,24.9,1,1,1,106.5
131,34.2,27.8,0,1,0,121.7
176,28.1,18.4,0,0,0,152.6
93,24.3,23.8,0,1,0,92.2
59,30.0,25.3,0,0,1,66.9
143,24.8,27.8,0,1,0,121.8
49,27.6,27.1,3,1,0,58.5
80,29.1,21.6,0,0,0,87.3
15,33.0,30.2,0,1,0,57.9
6,28.9,19.4,0,0,0,40.9
173,30.9,28.6,0,0,1,153.2
151,37.6,31.6,0,0,1,147.5
126,25.1,20.3,5,1,0,112.1
74,26.9,26.4,5,1,0,74.4
32,28.1,17.1,0,1,0,57.1
29,28.3,23.0,0,0,1,37.5
46,28.2,24.2,0,1,0,70.0
99,33.6,24.8,0,1,0,107.9
129,31.0,30.1,0,0,0,128.8
119,30.0,25.8,0,1,0,112.9
51,27.3,23.8,0,0,0,67.8
172,32.3,27.5,0,0,0,144.5
133,34.9,30.6,0,0,0,127.0
100,32.2,16.0,2,1,0,93.4
110,19.1,32.4,0,0,0,104.2
76,30.2,18.6,0,0,0,88.7
45,23.3,27.6,0,0,0,55.9
65,26.7,21.7,0,0,0,74.4
137,23.6,19.6,4,0,0,110.5
4,29.9,23.4,0,0,1,30.9
22,30.7,25.5,0,1,0,54.6
9,24.8,22.8,0,0,0,33.2
8,28.0,17.6,0,1,0,45.8
154,28.6,25.0,0,1,0,136.8
127,27.8,29.2,0,0,0,128.1
86,24.9,22.8,0,0,0,84.9
19,28.3,20.9,0,1,0,49.1
89,31.4,23.4,0,0,0,96.6
86,23.9,17.4,0,0,1,84.3
32,24.1,27.7,0,0,1,47.8
79,27.7,27.8,1,1,1,86.4
72,34.5,24.9,0,1,1,88.4
111,30.5,22.5,0,1,1,104.4
115,30.6,27.4,0,1,0,109.4
9,27.8,24.6,3,0,0,37.6
68,29.8,27.8,0,0,0,87.2
113,21.0,25.3,0,0,0,91.4
91,30.2,27.2,0,0,1,84.7
154,33.8,25.0,0,0,0,131.8
119,30.0,23.1,0,0,0,115.8
30,33.0,30.9,0,0,0,63.1
14,31.1,24.4,2,0,1,33.9
116,24.9,25.1,1,0,0,114.8
6,33.5,20.9,0,1,1,40.5
106,23.8,25.3,0,1,0,108.8
169,29.3,24.7,0,1,0,152.3
104,25.3,20.4,0,0,0,92.2
70,21.2,17.8,0,0,0,68.4
116,28.3,25.1,0,0,0,104.5
83,27.1,26.9,0,0,0,79.7
99,28.9,24.2,0,0,1,93.6
170,29.7,21.0,0,1,0,142.1
70,23.0,25.7,0,1,0,76.9
173,25.0,18.4,0,0,0,150.8
163,29.5,23.4,0,0,0,143.7
36,27.6,20.1,0,0,0,52.3
13,31.1,20.4,1,0,0,39.2
19,30.4,20.7,0,0,0,44.9
4,32.6,22.9,0,0,0,50.3
18,30.8,17.5,4,0,1,31.5
123,28.4,23.0,2,0,0,110.1
14,30.6,24.1,0,0,1,43.7
58,26.9,23.8,0,0,0,75.5
152,27.2,22.8,2,0,1,123.1
5,31.8,28.0,4,1,0,33.9
147,28.5,19.8,0,0,0,129.4
51,31.9,24.1,4,1,0,74.8
22,32.2,17.9,0,1,1,49.9
126,32.7,18.2,0,1,0,117.9
114,33.8,24.7,0,1,0,117.2
158,28.4,24.7,0,1,1,129.0
133,27.4,28.7,0,1,0,122.2
145,29.7,24.6,0,0,0,134.7
51,27.9,31.0,0,0,0,71.9
33,29.9,17.4,2,1,0,55.0
135,30.9,18.9,0,1,0,134.9
145,30.7,17.2,0,1,0,142.2
178,27.9,20.4,0,1,0,155.2
75,25.6,24.4,0,1,0,75.8
68,28.4,25.5,2,1,1,66.0
140,25.3,17.3,0,1,0,130.6
62,33.3,30.4,1,1,0,83.4
168,27.6,28.0,0,1,0,154.3
155,25.4,21.9,0,1,0,127.7
78,22.2,18.3,0,1,0,79.6
135,30.3,20.2,0,1,0,131.5
136,30.2,19.5,2,0,0,115.9
19,27.6,19.4,0,0,1,46.2
163,23.9,24.2,1,1,0,136.3
91,28.2,21.3,0,1,0,96.0
149,27.3,22.6,0,0,0,122.7
58,30.6,33.2,0,0,0,76.4
161,29.9,25.9,4,1,1,145.9
71,27.8,30.5,0,1,0,85.8
3,26.3,19.7,0,1,0,32.2
163,36.9,22.8,0,1,0,158.4
17,28.6,24.6,3,0,0,36.5
58,30.7,18.3,0,0,0,80.8
171,25.2,13.8,0,0,0,132.8
171,28.9,25.8,4,1,0,144.6
104,22.3,25.5,0,0,0,102.4
114,29.1,23.1,0,1,0,107.5
81,35.3,23.9,0,1,0,97.3
53,28.0,23.2,0,1,0,77.2
60,22.9,16.2,3,1,0,53.2
121,22.5,22.3,0,0,1,107.5
136,28.0,20.3,0,1,0,123.8
143,25.5,18.9,2,0,1,123.3
142,22.1,30.8,0,0,0,116.6
17,31.4,25.0,0,0,1,37.8
90,28.6,26.4,0,0,0,89.4
11,27.1,22.1,0,1,0,40.0
99,33.5,22.9,0,1,1,102.6
80,24.8,21.1,1,0,1,74.2
160,35.0,18.8,0,0,0,132.6
64,27.3,20.3,0,1,0,76.4
22,33.3,27.3,0,1,0,58.2
27,29.9,25.8,1,0,1,46.9
137,32.3,24.5,1,1,0,130.4
112,36.5,23.8,2,1,0,115.3
19,27.1,29.7,0,1,0,42.5
16,35.2,18.2,2,0,1,41.7
126,28.0,21.7,0,1,0,119.1
14,28.0,22.5,0,1,0,44.4
148,27.6,27.1,0,1,1,122.8
127,29.4,33.7,0,1,0,129.0
16,25.4,21.2,0,1,0,38.9
16,29.5,28.6,0,0,0,39.5
178,29.4,27.8,0,1,0,154.6
68,31.5,21.0,3,1,0,77.8
67,32.4,23.0,0,1,0,87.8
146,28.5,23.1,0,0,0,132.7
171,27.2,32.1,0,0,0,148.1
177,26.7,20.4,1,1,0,148.7
136,26.0,27.4,0,1,0,126.5
68,23.5,22.3,0,0,0,64.6
16,27.6,26.5,0,1,0,52.7
140,26.9,23.2,5,0,0,113.1
101,35.4,24.8,1,1,0,118.3
77,29.5,27.9,0,1,0,94.7
163,27.6,27.4,0,0,1,135.2
21,29.7,28.4,5,1,0,45.6
89,25.2,17.8,0,1,0,96.7
3,28.5,26.0,0,0,0,24.4
85,30.1,19.7,0,1,0,92.4
11,28.9,23.2,0,0,0,49.2
22,28.1,24.5,0,1,0,55.7
22,37.8,23.0,0,0,0,52.5
117,33.1,24.2,0,0,0,115.7
135,30.1,34.7,1,0,0,118.1
105,29.6,19.6,0,0,0,100.4
173,30.1,25.8,2,1,0,150.5
68,26.1,23.0,0,0,0,77.5
52,28.1,19.6,0,0,1,66.5
156,22.9,20.0,0,1,1,135.8
41,28.8,30.5,2,0,1,49.6
173,29.4,28.7,0,1,1,149.0
3,26.4,29.3,0,1,0,34.1
175,35.3,33.5,2,1,1,151.5
9,33.7,20.8,0,0,0,39.7
161,31.1,22.5,1,0,0,140.9
95,29.3,25.8,1,1,1,101.3
179,32.9,23.8,1,0,0,157.9
14,25.1,23.2,0,0,1,30.4
100,31.8,22.6,0,0,0,100.8
175,25.0,25.0,0,0,1,134.7
95,31.9,24.8,0,1,0,96.5
114,26.9,20.1,0,1,0,105.5
126,33.1,23.7,0,1,0,125.1
82,34.6,24.5,0,1,1,96.6
113,25.4,24.7,0,0,0,107.2
106,28.7,20.8,0,0,0,104.4
162,36.3,26.6,0,1,0,146.8
9,28.9,16.3,0,0,0,44.0
51,32.8,22.5,0,0,0,74.7
171,29.8,27.1,0,1,0,148.4
160,27.9,24.6,3,1,0,134.7
83,27.0,21.5,0,0,0,81.7
112,26.1,26.0,0,1,0,101.7
51,31.5,24.7,0,1,0,76.7
35,28.0,27.3,0,0,0,60.1
84,29.1,26.5,6,1,0,79.4
64,28.9,25.1,0,0,1,66.6
105,29.7,23.9,0,1,0,102.3
15,32.9,19.6,0,1,0,51.0
175,36.2,21.5,0,1,0,151.6
178,28.2,23.2,3,0,0,149.4
126,32.3,25.0,0,0,0,124.5
97,31.5,24.1,0,0,0,101.5
56,29.7,21.8,0,1,1,75.7
147,35.0,14.3,0,0,0,133.5
124,26.1,24.0,0,0,0,113.5
30,24.7,21.7,2,0,0,39.1
164,32.7,26.5,4,0,0,145.6
148,28.5,16.2,0,0,1,122.6
171,32.6,24.9,2,1,0,149.1
131,33.4,30.3,0,0,1,133.9
111,23.7,20.3,0,0,0,98.6
76,33.2,23.7,3,1,0,90.4
168,28.5,18.7,3,1,0,143.5
156,29.1,25.3,0,0,0,128.9
9,30.1,24.5,0,0,0,35.9
6,34.1,23.1,0,1,0,56.6
68,21.8,24.2,3,0,0,69.5
146,28.8,29.0,3,1,0,129.0
178,30.7,20.6,1,0,0,146.2
28,31.1,16.1,0,0,0,54.0
107,30.8,28.4,0,0,1,105.3
69,25.1,24.8,0,1,0,80.2
175,27.2,28.9,2,1,0,152.8
152,27.7,25.0,0,0,0,127.0
151,32.0,27.5,0,1,0,134.7
85,27.0,23.3,3,0,0,87.5
75,26.2,26.7,0,0,0,91.0
50,35.0,29.4,0,1,0,81.6
11,20.8,24.7,0,0,0,39.5
156,39.0,20.4,0,1,0,147.9
147,30.6,21.5,0,1,0,135.5
180,32.3,20.6,2,1,1,152.7
179,27.1,21.3,1,1,0,150.2
100,21.4,22.0,0,0,0,98.1
139,31.2,24.6,0,0,0,131.8
170,32.4,24.9,0,0,1,143.0
153,31.3,23.3,0,0,0,127.2
45,25.3,25.2,2,0,0,56.4
82,31.4,18.5,0,0,1,79.4
24,31.6,18.6,0,1,0,55.1
172,30.4,20.2,0,0,0,140.8
110,31.5,24.2,1,1,0,116.3
42,32.6,20.8,0,1,1,68.4
121,30.0,21.7,0,1,1,117.5
112,24.3,23.0,0,0,0,106.8
65,28.9,27.5,0,0,0,78.7
21,24.0,15.3,0,0,0,43.7
121,28.2,25.5,0,0,0,119.3
94,28.2,25.8,0,0,0,93.8
139,23.7,27.3,0,1,0,126.8
94,27.6,30.0,0,0,1,86.5
154,24.7,15.9,0,1,1,129.1
100,32.1,19.9,0,1,0,116.2
101,34.7,28.8,0,0,0,110.4
158,23.9,23.6,1,0,0,129.4
73,34.9,24.7,2,1,0,89.8
25,29.2,25.7,0,0,0,50.5
6,27.2,25.9,0,1,0,41.5
136,24.0,30.0,1,0,0,115.0
112,29.0,34.9,1,1,0,113.8
127,31.9,26.3,0,0,1,119.4
39,30.9,21.8,0,0,0,60.7
25,23.3,28.7,0,1,0,50.2
4,23.9,17.4,0,0,1,28.5
64,28.1,21.1,0,0,0,71.2
107,27.1,29.1,0,0,0,104.6
71,26.4,21.4,0,0,0,80.9
79,27.0,20.9,0,1,1,91.0
163,32.0,19.7,0,1,0,147.4
63,34.1,28.3,0,1,0,82.2
93,28.2,24.0,0,1,0,96.9
141,33.6,25.8,0,0,0,124.9
72,27.4,21.2,0,0,0,82.0
112,28.8,26.8,4,1,0,94.9
155,26.4,26.8,0,1,1,138.9
171,30.3,22.1,4,0,1,142.5
27,36.1,23.1,3,0,0,39.3
167,29.9,20.8,0,0,0,148.9
89,27.7,31.9,0,1,0,101.2
47,30.3,25.5,0,1,1,65.7
83,25.0,30.0,1,0,0,77.6
176,33.3,22.0,1,1,0,150.6
89,29.0,27.1,1,0,1,84.1
60,28.6,26.9,0,0,0,79.4
114,29.8,26.0,0,1,0,111.1
44,30.1,31.3,0,0,1,66.5
15,23.9,22.9,0,0,1,34.3
24,30.7,19.5,0,1,0,54.5
24,26.6,25.8,0,1,0,43.4
28,31.0,26.4,0,1,1,49.9
26,32.2,24.8,0,0,0,60.5
116,32.0,20.7,0,0,0,110.6
34,29.5,24.1,0,1,0,61.6
63,29.2,22.1,2,1,1,81.5
162,25.3,23.3,2,1,0,135.3
86,31.7,25.5,0,0,0,91.6
120,26.9,26.6,0,0,1,113.6
32,29.0,21.1,0,1,0,58.0
35,27.0,23.0,2,1,1,54.2
8,25.1,21.5,0,0,0,39.8
31,30.2,20.6,0,0,0,54.6
51,23.4,27.1,0,0,0,65.8
33,31.3,29.3,0,0,0,57.9
17,27.3,22.7,3,0,0,43.3
23,18.2,26.7,0,0,1,37.3
83,29.1,29.1,0,1,0,92.0
38,23.2,28.1,0,0,1,50.8
66,26.9,20.4,0,1,0,65.8
91,30.9,30.8,1,0,0,100.8
125,23.7,22.8,0,1,0,106.9
8,32.5,22.4,2,0,0,33.8
144,19.9,17.9,5,1,0,111.4
113,26.6,23.9,0,1,1,97.1
16,31.3,19.1,0,1,0,51.6
157,27.3,21.3,0,1,0,139.7
166,24.6,22.1,4,0,0,128.3
12,27.8,27.5,0,1,0,41.6
51,26.9,28.6,0,1,0,66.0
145,32.5,21.9,0,1,0,138.4
135,27.3,28.3,4,0,0,106.7
34,31.8,28.3,0,1,1,58.5
38,33.3,26.9,0,0,0,56.1
67,28.4,19.8,0,0,0,80.0
88,33.7,26.0,0,0,0,94.2
112,27.9,30.4,4,0,1,100.3
67,35.3,25.9,0,1,0,94.3
84,24.3,22.3,4,1,0,87.6
135,30.7,24.0,0,1,0,122.0
8,28.9,25.5,0,1,1,41.5
46,28.0,24.1,0,1,0,72.5
129,30.2,19.3,0,1,0,125.2
161,30.9,22.0,0,0,0,144.1
93,20.0,27.4,0,1,0,80.8
96,25.6,28.3,0,1,0,101.3
20,31.0,19.7,0,1,0,48.1
81,30.5,30.7,0,1,0,96.7
96,35.4,22.2,3,1,0,105.2
44,31.5,25.7,0,0,0,68.4
49,34.8,26.7,0,0,0,71.6
69,30.9,27.5,0,1,0,91.5
5,27.2,30.4,3,0,1,31.3
59,24.6,22.1,0,1,0,72.8
39,31.7,28.3,0,0,1,55.0
60,30.3,19.5,4,0,0,68.9
22,23.2,26.2,0,1,1,53.9
160,27.8,26.6,0,0,0,130.4
107,35.0,25.8,3,1,0,113.0
123,29.0,21.3,1,0,0,115.7
142,28.4,28.6,0,0,0,135.2
90,28.6,20.2,4,1,0,92.9
17,26.2,17.6,0,0,0,40.5
97,27.8,26.3,1,1,0,100.8
106,27.8,23.8,0,1,0,104.2
134,23.3,28.1,0,0,0,122.5
78,31.6,22.8,0,1,0,83.3
24,28.3,20.2,0,1,0,49.4
52,32.2,27.9,0,0,0,73.7
66,32.6,24.5,0,0,1,83.3
117,26.2,20.5,0,0,0,106.0
103,30.4,26.3,0,1,0,102.8
65,28.8,24.1,0,1,1,75.6
178,33.1,25.1,0,1,0,155.7
109,26.3,23.6,0,1,0,104.5
43,30.6,27.8,1,1,1,61.8
19,30.0,27.8,0,1,0,49.8
28,27.1,26.2,2,1,0,43.2
45,25.2,19.0,0,0,1,56.7
30,30.4,28.0,4,1,1,53.7
34,31.2,25.8,0,1,0,70.2
52,27.3,26.1,0,1,0,74.7
32,30.3,22.6,0,1,0,63.7
162,28.1,28.7,2,0,0,137.3
15,31.0,26.4,0,1,0,41.4
95,26.1,19.2,0,0,0,93.0
74,33.3,23.1,0,1,1,87.9
177,27.0,28.8,1,0,1,148.4
21,27.8,17.4,0,1,0,51.8
72,23.5,31.1,0,1,0,80.0
175,24.7,25.9,0,1,0,157.2
156,29.1,25.3,0,0,0,139.8
147,26.8,21.6,0,1,0,132.6
47,32.4,21.3,0,1,1,70.6
32,21.5,30.3,0,1,0,52.3
121,27.9,21.9,0,0,1,107.8
167,27.5,27.0,0,1,0,134.9
101,21.8,22.9,0,0,0,87.3
103,25.0,19.7,0,1,0,97.4
51,28.2,15.0,0,0,0,66.7
139,28.9,24.4,0,1,1,116.8
34,28.2,31.9,0,1,0,58.3
59,29.3,22.7,2,0,0,65.9
77,29.8,22.5,0,0,0,85.1
92,21.0,22.4,0,1,0,91.4
44,28.7,24.2,2,0,1,53.2
22,35.3,23.4,0,1,0,55.1
110,29.2,28.7,1,0,0,101.7
53,30.6,24.1,0,0,0,67.7
105,27.3,24.1,0,0,0,100.1
29,31.6,19.7,6,1,0,55.8
87,31.6,32.4,0,0,0,89.7
96,29.2,21.3,0,1,0,108.8
10,35.9,18.2,0,1,1,41.1
61,25.0,25.7,0,0,0,74.7
25,21.6,25.0,0,1,0,44.5
12,31.6,23.1,0,0,1,36.7
178,32.0,23.2,1,1,0,161.6
59,24.9,27.2,3,0,0,64.4
146,26.8,20.6,0,0,0,126.0
47,21.7,27.7,0,1,0,60.1
123,27.1,25.5,3,1,0,108.7
137,31.6,23.2,0,0,0,124.5
108,29.2,23.6,0,1,0,91.7
85,27.6,21.4,1,0,0,76.7
75,27.9,26.7,2,1,1,81.7
63,19.0,24.1,1,1,0,73.5
167,27.2,22.1,0,0,1,144.2
150,30.3,25.0,0,0,0,127.8
174,35.8,34.5,0,0,0,156.6
23,32.6,23.4,0,0,0,41.4
132,22.1,29.6,0,0,0,112.0
169,33.5,22.4,0,1,0,155.9
33,31.7,17.6,0,1,1,57.9
13,31.7,20.7,3,0,0,38.1
134,28.6,23.2,0,1,0,124.1
104,28.1,20.9,0,1,0,110.2
152,27.2,12.2,0,1,0,131.0
26,23.7,29.5,0,1,0,50.9
143,26.4,28.0,0,1,1,133.8
37,26.6,26.6,3,0,1,47.4
30,28.9,20.2,2,0,0,41.4
30,31.3,19.3,0,0,0,61.8
147,28.8,18.1,0,0,0,132.9
120,23.5,26.4,2,0,0,92.8
95,35.0,29.9,0,1,0,105.9
65,34.5,23.3,0,0,1,78.5
158,31.8,19.3,0,1,1,146.2
71,37.3,24.1,2,0,1,82.4
147,29.4,22.5,0,1,0,134.4
80,35.2,22.7,0,1,0,96.5
68,24.0,25.2,1,0,0,69.7
84,27.8,26.3,0,0,0,94.0
55,26.4,19.1,0,1,0,65.9
135,26.0,16.8,0,0,0,114.6
91,25.2,34.1,1,0,0,89.7
43,30.1,21.1,0,0,1,52.3
162,31.7,17.6,1,1,0,151.9
70,29.7,20.5,0,1,1,80.1
98,25.3,17.0,0,1,0,100.8
163,32.1,22.9,4,1,0,136.0
113,30.2,27.4,0,1,1,113.5
22,28.0,22.4,0,1,0,54.7
169,30.6,23.4,0,1,0,154.0
113,26.8,25.8,0,0,0,115.1
61,27.6,24.1,0,0,0,69.3
26,33.9,28.3,0,1,0,59.5
143,27.1,28.4,0,1,1,122.6
112,28.7,14.9,2,0,1,98.0
96,33.3,27.1,0,0,0,104.7
161,30.9,23.6,1,1,0,145.8
142,23.6,33.1,0,1,1,131.9
28,25.3,23.8,0,0,0,50.9
57,20.7,32.9,0,1,0,68.2
45,30.2,26.8,0,1,1,60.6
134,28.5,21.3,0,1,1,125.3
7,25.1,24.4,5,0,1,23.3
103,35.0,33.6,2,0,0,110.2
137,29.3,28.3,2,0,0,119.2
158,26.6,18.8,0,0,1,136.0
62,29.0,26.2,4,1,0,74.6
148,30.6,22.4,0,0,1,133.3
21,24.0,14.4,0,1,0,46.3
153,26.9,23.0,0,0,1,123.0
24,32.0,21.1,0,0,0,49.9
72,28.6,27.6,0,1,0,78.7
144,29.4,22.3,0,1,0,132.2
28,28.4,27.8,0,0,0,44.7
42,23.1,12.5,3,1,0,53.8
130,25.6,22.0,0,1,0,100.6
130,28.5,21.2,4,1,1,116.2
116,26.2,21.1,0,1,0,104.1
125,23.3,18.1,0,0,0,103.5
98,32.5,20.5,0,1,0,111.3
46,36.3,24.6,0,1,1,73.7
63,31.9,21.8,0,0,0,81.3
34,32.7,23.2,0,0,0,54.1
164,26.6,22.8,1,1,1,141.8
105,35.2,28.6,1,0,0,107.2
73,26.0,29.2,4,0,0,73.8
84,34.8,23.9,1,1,0,104.0
171,38.0,22.3,0,0,1,144.5
28,31.0,19.1,2,0,0,54.8
106,36.3,30.7,0,1,1,114.2
92,29.6,17.8,0,1,1,92.6
110,26.8,21.9,0,0,0,97.4
4,28.4,21.9,0,1,0,38.5
157,29.8,22.1,0,1,0,136.3
168,23.9,20.1,2,1,0,144.0
102,30.1,27.1,0,0,0,102.4
126,36.3,19.4,0,0,1,115.5
166,25.9,25.4,0,0,0,131.8
128,31.9,19.4,0,1,0,120.4
28,33.6,18.1,0,1,0,65.9
104,34.6,29.3,0,1,0,112.7
110,35.1,20.5,0,1,0,113.6
77,29.2,27.7,0,1,0,97.2
133,36.0,24.5,0,0,0,125.2
168,31.4,18.4,3,1,0,139.9
167,25.6,30.8,0,1,0,146.1
82,28.8,21.3,0,1,0,92.3
21,31.0,28.3,0,0,1,44.6
177,26.6,20.2,2,1,1,139.9
151,30.3,28.2,0,0,0,141.4
23,30.5,15.3,0,0,0,46.6
166,25.6,24.1,3,1,1,127.4
157,29.6,26.9,0,1,0,141.8
94,31.6,30.0,0,0,0,103.1
107,29.0,29.3,0,1,0,107.4
72,21.2,27.7,1,0,0,75.0
11,20.8,28.9,0,0,0,28.4
61,27.7,20.6,3,0,0,70.1
145,34.1,21.7,0,1,1,128.7
2,26.4,21.8,0,1,0,37.5
61,30.2,22.8,3,1,0,77.5
72,26.3,22.9,7,1,1,68.9
97,27.4,24.5,0,0,1,86.3
166,32.6,20.0,4,0,1,129.3
63,31.1,26.0,0,1,1,86.2
63,24.4,20.2,0,0,0,65.6
133,28.4,22.0,0,1,1,124.1
82,22.4,24.0,0,1,0,85.1
41,28.8,27.3,0,1,0,60.1
82,30.5,26.6,0,0,0,86.4
26,24.9,25.5,0,0,0,55.5
33,27.1,20.0,0,1,1,70.7
90,28.1,24.5,1,0,0,88.5
76,33.9,18.6,0,1,0,89.1
165,37.6,22.8,0,0,0,141.1
66,23.1,23.1,0,0,0,62.3
105,31.5,17.0,0,0,0,98.8
114,27.9,21.6,2,0,0,101.2
3,28.0,30.8,0,1,1,37.3
120,31.4,30.7,0,0,0,118.9
33,33.9,22.5,0,0,0,60.8
173,34.8,17.2,0,0,0,154.2
28,29.7,20.3,3,0,0,44.1
75,27.7,22.9,0,0,0,80.8
16,31.8,30.5,0,0,0,46.7
179,26.7,19.7,0,1,0,144.9
91,29.6,26.9,0,1,0,88.2
108,27.7,19.1,0,1,0,102.1
13,30.4,32.3,0,1,0,36.9
135,26.5,22.8,3,0,0,108.8
39,26.0,27.0,2,1,0,60.2
162,33.9,22.4,0,1,0,148.4
38,24.6,25.3,0,0,1,51.3
35,29.1,20.5,0,1,0,65.9
8,26.3,19.8,0,0,0,31.5
85,22.9,30.2,0,0,0,87.9
102,22.7,29.6,3,1,0,90.5
13,25.7,28.9,0,0,0,41.2
140,32.9,25.3,0,0,1,126.6
82,27.0,27.5,1,0,1,82.4
95,34.8,18.1,5,0,1,87.6
80,29.7,22.3,0,0,1,84.7
73,28.4,22.1,0,1,0,86.1
101,29.7,25.4,0,1,0,97.4
29,29.2,22.5,0,1,0,60.6
34,31.5,19.8,0,0,1,48.1
155,27.0,25.0,0,1,0,132.5
170,27.7,27.6,4,1,0,143.1
68,33.4,22.8,0,0,0,85.0
49,34.6,19.6,0,1,1,72.8
116,33.3,20.6,0,1,0,118.7
74,28.3,21.2,0,1,0,79.0
6,31.7,21.9,2,0,1,31.1
29,28.8,25.5,0,0,0,42.5
129,29.0,25.0,0,1,1,114.3
119,26.1,26.1,0,1,0,105.9
6,29.8,22.6,2,1,0,39.2
41,25.9,27.7,0,1,1,70.7
42,27.5,20.7,1,1,0,65.5
121,32.7,23.7,0,0,0,105.0
5,26.1,27.4,0,1,0,31.0
20,23.9,20.4,0,0,0,34.2
144,23.8,19.1,8,1,0,104.6
33,34.5,28.8,3,1,0,59.7
118,29.1,22.4,0,0,0,111.3
44,28.2,25.9,0,1,1,56.3
19,32.1,16.3,0,0,0,46.4
45,32.4,26.0,0,0,0,67.7
130,27.5,22.1,0,0,0,120.1
154,30.8,17.7,1,0,0,133.8
150,31.6,25.1,3,0,1,128.0
72,30.4,21.2,0,0,0,81.3
121,25.4,22.9,0,1,1,104.3
38,33.0,18.4,2,1,0,58.3
53,29.3,19.8,3,1,0,61.0
161,27.0,21.9,0,0,0,143.8
3,28.3,18.7,0,1,0,30.9
16,22.8,29.4,0,1,0,48.0
38,25.0,14.2,0,0,0,45.4
6,31.5,23.8,0,1,0,47.9
33,18.0,19.4,0,0,1,45.5
105,28.3,22.0,0,1,0,110.9
76,29.2,29.8,0,0,0,79.6
161,23.4,20.1,0,0,0,132.8
147,35.7,31.3,0,1,0,138.8
62,26.4,20.7,2,0,1,60.5
47,27.2,26.6,3,0,0,59.1
69,27.2,24.5,0,1,0,85.0
107,26.4,28.8,0,1,0,102.5
49,19.1,24.5,1,1,0,60.0
113,31.1,24.4,0,0,0,104.7
74,35.4,20.6,0,0,0,82.6
100,26.4,20.1,0,1,1,94.6
79,30.5,29.5,0,0,0,86.5
54,31.3,22.2,0,0,0,74.0
171,32.6,22.7,3,1,0,141.4
138,28.3,26.8,0,0,0,134.0
26,27.2,22.3,0,0,1,36.7
156,27.4,30.7,1,0,1,131.9
88,31.0,26.6,0,0,0,92.2
161,32.2,25.0,0,0,0,138.7
144,25.8,28.7,0,0,0,124.4
77,27.9,17.5,0,0,0,84.8
5,33.5,21.4,0,1,0,49.2
49,32.0,23.7,0,1,1,68.6
98,36.6,21.0,0,0,0,106.1
114,31.4,26.6,0,1,0,108.4
47,28.1,29.6,0,0,1,60.7
26,29.8,23.2,0,0,0,53.3
150,30.5,22.4,0,0,1,118.3
177,24.1,31.1,0,1,0,149.9
95,29.4,23.5,0,1,1,96.1
32,30.9,23.9,2,1,0,63.7
50,25.6,22.5,0,0,0,63.3
4,31.7,29.3,0,0,0,42.8
165,29.7,24.7,4,1,0,138.4
22,34.8,26.9,0,0,0,57.7
104,23.0,27.5,0,1,1,100.0
50,26.8,22.4,1,1,1,56.8
100,29.9,23.3,2,1,0,102.3
118,27.1,28.1,0,1,0,119.1
150,31.0,22.6,0,1,0,141.6
38,31.5,27.3,0,1,0,65.7
3,24.6,30.2,5,1,0,30.7
26,29.1,25.3,0,0,1,52.3
162,29.1,26.6,0,1,0,138.1
157,27.8,27.4,4,0,0,132.0
108,34.2,28.1,0,0,0,100.2
108,32.3,22.9,2,0,1,105.7
120,30.8,17.5,0,0,0,110.4
32,31.0,23.0,0,1,0,60.2
165,28.7,25.8,0,1,0,142.1
76,33.9,23.5,1,0,0,86.3
70,30.8,26.7,0,0,0,82.6
94,31.1,22.5,0,1,0,104.4
9,32.8,25.4,0,1,0,54.5
31,26.9,20.5,1,1,0,53.7
133,32.0,26.7,2,0,1,109.6
16,26.0,24.5,0,1,0,51.7
109,27.6,20.7,0,0,0,95.2
45,27.5,21.8,2,0,0,56.0
71,36.1,26.7,0,0,0,84.9
53,32.7,23.8,0,0,0,71.8
65,30.8,20.9,0,0,0,70.7
130,31.1,31.4,1,1,0,117.6
54,29.6,26.3,0,0,1,66.9
102,34.7,30.9,0,0,1,100.4
86,29.0,23.3,0,0,0,96.4
120,27.9,23.8,0,0,0,107.8
169,25.6,29.1,0,1,1,136.9
132,31.8,24.3,0,0,0,130.9
39,31.2,26.2,0,1,0,68.4
7,28.0,21.3,0,0,1,47.1
48,22.2,23.5,0,1,1,49.4
108,32.5,19.4,2,1,0,108.3
10,21.1,20.7,4,1,0,32.3
90,30.9,12.7,2,1,0,92.9
108,35.6,17.0,0,1,1,108.3
61,28.5,32.0,0,0,1,77.6
139,26.5,21.2,0,1,0,127.4
20,30.9,25.7,2,1,1,38.6
14,32.2,28.0,1,1,0,45.3
131,29.4,24.5,1,0,0,112.4
90,35.4,19.9,0,0,1,94.1
124,23.3,26.4,0,1,0,118.1
79,29.0,25.0,0,0,0,83.4
45,31.0,26.5,0,0,0,64.4
148,32.8,27.0,0,0,0,129.3
144,25.8,31.9,1,1,0,132.1
125,31.9,24.7,0,1,0,128.5
50,29.5,22.4,0,0,1,63.1
107,28.1,25.5,0,0,0,110.4
66,25.1,18.1,4,0,1,59.6
17,32.9,29.1,0,0,0,43.0
165,25.5,19.3,0,1,0,144.8
25,27.3,22.2,0,1,0,51.8
171,27.1,27.6,0,0,1,137.9
81,33.0,25.0,0,1,0,94.9
34,30.6,22.9,0,1,0,53.4
98,31.9,23.7,0,0,1,88.6
157,26.7,28.2,4,0,0,129.0
132,30.1,22.4,3,1,1,119.1
145,29.6,28.5,0,0,1,133.8
119,32.4,18.6,0,1,0,121.8
125,33.6,27.0,0,0,0,123.4
153,21.2,28.1,0,1,0,136.6
46,30.6,20.4,0,1,0,70.8
89,23.3,23.3,0,1,1,84.9
41,29.4,20.1,0,1,1,65.4
178,27.0,26.2,6,1,0,147.2
170,27.2,24.4,0,1,0,146.6
8,27.7,25.4,0,0,0,32.0
127,30.1,20.6,0,0,0,108.0
167,27.5,20.8,0,1,0,148.2
33,31.2,17.1,0,1,0,62.7
103,28.2,22.2,0,0,0,102.4
165,23.8,24.6,0,0,0,140.3
7,31.7,28.3,2,1,0,38.5
126,27.0,25.7,0,0,0,104.6
54,28.4,23.4,0,0,1,67.9
166,30.7,30.7,2,1,0,152.0
175,27.5,26.3,2,1,1,146.1
170,23.5,29.9,0,0,0,132.5
86,27.9,24.3,0,0,1,86.8
155,34.6,21.4,0,0,1,131.2
152,30.3,17.6,3,0,0,120.5
58,30.6,26.4,0,1,0,77.6
149,30.2,19.3,0,1,1,133.0
8,26.1,21.9,0,0,0,34.9
108,28.3,24.3,0,0,1,102.4
42,31.4,24.7,0,0,1,56.8
23,24.6,25.0,0,1,0,48.7
15,26.9,20.1,0,0,0,38.1
126,26.9,22.8,0,1,0,115.9
62,28.4,25.2,0,1,1,76.0
131,36.2,31.5,0,1,0,136.8
13,23.8,26.4,0,1,0,42.8
57,29.2,29.7,0,0,0,75.6
98,25.8,26.9,3,1,0,94.1
143,35.6,24.9,0,0,0,135.7
58,24.8,20.5,0,1,0,75.8
113,28.2,25.7,0,0,0,116.2
160,31.2,25.3,2,1,0,147.1
111,30.9,25.0,0,0,1,104.9
43,28.3,23.9,2,1,0,67.6
5,27.6,24.3,0,0,1,35.7
157,28.1,22.3,0,1,1,132.4
5,26.8,24.2,0,0,0,37.6
158,26.1,20.6,1,0,0,125.5
96,28.9,27.4,0,1,0,103.4
169,26.8,20.4,0,1,0,153.6
144,27.0,18.5,0,0,0,128.5
180,30.4,23.4,0,1,1,158.8
64,35.5,25.6,0,1,0,84.2
138,29.9,23.4,2,1,1,124.9
73,24.0,21.6,0,0,0,79.3
87,24.0,24.6,1,0,0,82.4
113,34.8,22.4,0,1,1,117.4
157,27.1,30.0,2,0,0,134.7
177,24.4,29.7,0,1,0,152.9
139,29.9,24.0,0,0,0,119.6
76,30.1,22.2,1,0,0,88.7
76,30.3,26.5,0,1,0,91.6
133,26.8,16.9,0,1,0,120.1
44,21.5,23.8,0,1,0,58.2
21,35.3,22.3,0,0,0,53.1
64,26.7,29.6,0,0,1,67.3
52,30.6,15.1,0,0,0,73.6
54,30.9,24.5,0,0,0,75.8
43,30.0,26.6,0,1,0,72.3
9,27.3,23.9,0,1,0,49.2
4,26.9,18.6,0,0,0,34.3
178,29.9,31.7,0,1,0,147.5
78,32.9,24.2,0,0,0,91.3
70,34.7,25.2,0,1,0,92.0
123,24.6,21.1,0,0,0,116.4
40,25.5,23.8,0,1,1,62.7
171,34.6,23.3,1,0,0,149.6
142,31.2,18.3,0,0,0,126.3
17,33.2,19.0,1,0,0,51.5
76,26.1,27.9,0,0,0,67.6
158,29.8,21.2,0,0,1,135.2
170,30.8,20.6,0,0,0,150.3
85,30.6,24.1,0,0,1,86.9
111,28.2,26.9,0,1,0,107.7
31,21.5,17.9,0,0,0,46.6
178,29.7,24.8,0,1,1,158.4
42,26.7,19.3,0,0,0,60.4
170,28.6,16.9,0,1,1,139.9
117,35.0,17.6,3,1,0,120.4
110,28.1,27.9,0,0,0,112.1
93,32.5,19.3,0,1,0,96.6
42,25.9,17.3,0,0,0,70.9
33,30.6,23.4,0,1,0,60.4
40,36.0,28.0,1,1,0,75.1
34,24.6,21.5,0,0,0,54.8
141,20.7,23.2,0,0,0,113.2
64,28.4,17.1,0,0,0,71.0
11,24.4,23.5,0,0,1,33.8
174,31.3,24.8,0,1,0,144.4
159,33.8,24.7,0,0,0,146.3
167,28.4,22.3,0,0,0,132.0
179,26.7,22.1,0,0,1,144.6
32,28.4,19.0,0,0,0,49.8
72,31.1,22.6,0,0,1,82.3
137,20.8,18.9,0,1,1,103.5
126,29.8,26.9,0,0,0,108.5
29,30.0,31.3,0,1,0,55.8
147,30.2,31.5,1,0,1,130.2
41,26.6,28.4,2,0,0,57.1
41,31.0,25.0,0,1,0,71.9
97,24.4,26.1,0,0,1,90.2
107,26.1,21.7,0,0,0,100.0
105,33.1,25.3,2,1,1,98.9
17,31.2,23.6,2,0,1,40.1
158,21.4,23.8,0,0,0,128.8
49,26.6,26.8,0,1,0,57.3
24,26.2,21.7,0,1,0,45.8
160,26.9,22.1,0,0,0,137.7
172,26.6,29.7,0,0,1,142.3
155,23.7,17.7,0,0,1,123.9
146,28.6,23.9,3,0,0,120.7
118,31.2,29.4,0,1,0,109.2
100,30.0,25.1,0,1,0,92.8
17,30.6,24.5,0,1,1,45.7
74,24.1,21.3,0,0,0,84.0
68,34.8,22.4,0,0,1,80.5
47,32.5,28.2,3,1,0,73.6
130,32.0,24.6,0,0,1,112.9
90,32.2,24.2,0,1,0,100.8
16,34.2,18.9,0,1,0,48.6
40,29.4,15.6,0,1,0,59.1
123,26.1,31.2,0,0,1,113.2
15,30.0,22.8,2,0,0,40.5
153,31.3,25.1,0,1,0,133.1
90,31.2,18.4,0,1,0,97.7
87,29.2,25.9,0,1,0,91.4
107,23.8,30.0,0,0,0,92.2
149,27.9,24.8,4,1,0,122.4
63,33.9,19.4,0,1,0,93.2
122,29.7,24.8,2,0,0,117.3
102,29.3,26.9,0,1,0,95.1
49,26.8,23.1,1,1,1,61.7
158,27.8,28.7,4,0,0,129.9
144,33.4,25.5,4,0,0,124.6
119,30.5,29.1,0,1,0,114.3
153,31.8,25.3,0,0,0,140.2
156,28.6,19.5,0,1,0,142.8
128,30.2,22.0,2,0,1,116.9
151,26.6,20.7,0,0,1,127.5
126,30.9,29.3,2,1,0,122.6
123,28.4,26.8,1,1,0,114.3
112,28.5,25.8,0,0,0,98.4
136,30.3,21.9,3,1,1,111.4
29,34.3,20.4,0,0,1,50.3
159,23.7,26.8,0,0,0,131.2
157,32.3,23.7,0,0,0,132.7
6,27.1,21.0,0,0,1,26.7
149,28.5,25.2,1,1,0,130.9
24,22.0,17.1,0,1,0,49.4
61,27.2,22.2,0,1,1,73.9
134,29.0,23.7,0,1,0,120.6
30,23.5,19.8,2,0,0,44.0
147,28.9,32.6,0,1,1,125.6
150,34.1,20.8,3,1,0,130.9
92,24.6,19.5,0,1,0,83.9
2,31.5,20.7,0,1,0,43.2
52,28.2,26.9,0,1,0,70.2
111,30.4,23.3,0,0,0,106.7
177,26.8,24.7,1,1,0,153.0
114,25.5,16.0,0,1,0,101.9
48,25.5,16.8,4,1,1,57.1
114,23.9,23.5,0,0,0,112.9
98,25.9,27.6,0,1,1,91.0
141,30.5,28.8,1,1,0,122.3
20,33.1,18.6,2,0,1,37.7
137,32.1,24.4,0,1,0,132.1
98,30.7,29.4,0,0,0,108.9
173,24.7,22.9,0,0,0,150.5
62,27.1,27.8,0,0,0,77.3
114,27.3,19.6,3,1,0,109.3
168,26.6,30.1,4,0,0,138.1
19,29.1,26.7,0,0,1,47.7
169,29.3,30.3,1,0,1,142.1
124,27.7,25.8,0,0,1,106.6
13,27.7,22.6,0,0,0,49.3
55,32.3,30.2,0,0,1,77.7
128,31.8,21.6,0,1,1,116.3
13,27.2,22.3,0,1,0,47.4
105,33.8,26.1,0,0,0,114.7
63,34.9,26.9,0,0,0,83.2
112,27.4,29.9,0,1,0,109.3
9,27.7,20.7,3,0,0,40.5
157,29.1,27.3,0,1,0,141.9
175,34.5,26.6,0,1,0,154.6
174,33.1,17.9,3,0,0,139.8
135,24.6,22.9,0,0,0,102.4
24,28.1,21.7,2,1,1,56.0
137,29.5,22.0,0,0,1,115.6
5,29.0,32.5,0,0,1,40.9
5,26.0,25.5,0,0,0,29.7
59,32.8,26.3,0,1,0,81.2
88,30.6,31.9,2,1,0,97.7
139,32.5,22.8,0,0,0,121.1
123,32.8,27.4,0,1,0,127.2
81,31.3,23.3,0,0,0,87.6
50,28.5,28.5,0,1,1,70.4
179,30.0,20.4,0,0,0,158.0
77,25.5,30.5,0,1,0,89.6
82,30.6,20.9,0,1,0,91.5
30,25.8,22.2,0,0,0,59.6
143,30.8,26.8,0,0,0,129.0
125,26.4,22.9,0,0,0,112.8
41,24.9,25.1,0,0,0,55.4
16,25.6,23.4,0,0,0,34.4
123,19.3,26.6,2,1,0,98.8
118,31.0,21.0,3,1,0,108.8
50,31.2,17.8,5,0,0,54.6
171,29.1,21.9,3,1,1,139.9
28,25.5,23.7,0,1,0,56.7
78,24.2,20.2,0,1,0,81.1
170,21.8,22.5,0,0,0,137.9
76,25.6,23.0,2,0,0,74.2
115,33.3,17.7,1,0,0,123.0
72,26.6,24.8,2,0,0,83.0
50,27.7,28.8,0,1,0,68.8
177,24.6,19.9,3,1,0,144.6
74,26.3,25.0,0,0,0,72.9
161,29.2,25.7,0,0,1,134.9
42,30.0,23.2,0,1,1,60.0
39,26.6,26.1,0,1,0,65.0
7,23.5,23.1,0,1,0,31.8
118,28.0,24.1,0,0,0,117.6
67,26.5,14.5,0,1,0,76.6
156,26.3,26.0,0,1,0,132.4
86,35.1,25.7,2,1,0,97.1
174,30.0,17.0,0,0,1,147.4
34,29.5,22.7,0,0,0,58.9
156,28.3,32.1,0,0,0,137.2
140,28.4,23.2,4,1,0,126.4
139,29.4,24.0,0,1,0,132.6
152,30.8,29.4,0,1,1,140.7
137,30.9,26.3,0,1,0,127.9
113,25.7,24.8,0,0,1,99.8
24,29.0,27.3,0,0,0,49.4
7,28.2,28.4,2,0,0,32.9
166,33.0,23.6,0,0,1,143.0
111,30.2,23.8,0,1,0,111.3
144,29.3,22.8,0,1,0,139.5
87,24.8,31.3,1,0,0,83.7
22,29.9,26.1,0,1,0,48.5
23,24.9,18.5,4,1,0,45.0
124,27.5,28.4,0,0,1,111.0
78,25.3,23.8,0,0,1,74.3
37,30.8,18.1,0,0,0,62.3
89,26.1,24.5,0,0,0,87.5
12,28.0,23.2,0,1,0,52.4
105,33.4,28.7,0,0,1,99.7
49,26.1,20.7,0,0,1,56.3
144,29.1,27.8,0,1,0,132.7
57,28.3,24.6,0,1,0,80.8
82,21.7,17.6,0,0,0,75.3
3,31.9,31.6,6,1,0,37.1
14,23.8,24.1,0,0,0,31.9
71,28.8,21.8,0,0,0,84.0
87,29.5,23.7,0,1,0,91.5
108,30.1,28.3,0,0,1,106.4
53,30.7,22.0,0,1,1,74.1
125,26.7,20.5,0,0,1,100.2
155,21.0,19.5,1,0,0,125.1
141,31.1,21.9,0,1,0,128.3
8,29.3,27.1,0,0,0,42.5
87,32.4,23.7,0,1,0,93.4
20,32.2,21.0,3,1,0,45.9
44,32.5,20.1,0,1,1,72.4
178,28.9,22.3,0,1,0,158.4
27,27.5,30.2,4,0,1,36.8
90,31.8,22.4,0,1,1,105.0
112,28.6,33.0,0,1,1,95.8
127,25.9,23.9,0,1,1,115.1
101,32.7,20.3,0,1,0,100.1
3,33.2,28.9,0,1,1,43.6
59,28.7,23.6,0,0,0,70.8
94,24.0,26.2,0,1,1,86.0
17,28.0,32.5,0,0,0,41.7
64,32.0,17.5,0,0,0,73.0
7,33.5,18.8,1,1,0,44.7
15,26.1,26.3,3,0,0,41.5
72,23.8,21.7,0,0,0,84.7
25,33.1,20.4,0,0,0,52.4
103,28.0,17.0,0,1,1,100.6
124,29.4,16.0,0,0,0,119.4
144,35.5,27.0,0,1,0,136.4
37,23.8,19.6,1,0,0,46.2
31,30.3,23.7,0,0,0,65.0
20,24.0,25.1,0,0,0,40.9
115,27.9,23.3,0,1,0,112.3
127,32.0,16.4,0,0,0,110.1
7,28.4,27.1,0,1,0,39.6
169,38.7,15.0,0,1,0,164.7
10,29.5,26.9,0,1,0,47.9
98,27.4,29.0,0,1,0,100.7
128,26.3,23.3,0,0,1,118.1
157,27.7,24.4,2,1,0,127.3
129,27.9,23.8,2,1,0,115.3
145,23.8,22.9,0,1,0,137.7
62,27.8,28.9,1,1,0,76.0
147,28.7,29.0,0,1,0,133.7
15,31.1,22.3,0,1,0,55.4
161,30.4,25.2,0,0,0,146.5
99,30.9,29.8,0,1,1,95.7
147,20.7,31.1,0,1,0,128.8
82,26.3,24.1,0,1,1,94.2
116,30.5,23.5,0,0,0,107.5
95,28.9,21.7,0,1,0,97.2
132,20.2,30.9,0,1,1,113.3
16,32.0,19.7,0,0,1,46.6
12,31.6,24.8,2,1,0,38.1
45,29.4,21.7,0,0,1,44.6
30,23.8,21.7,0,1,0,52.4
157,31.5,23.0,0,0,0,144.1
40,29.7,35.9,1,0,0,60.0
176,31.7,17.7,0,0,0,146.4
61,31.4,24.8,0,1,1,76.4
34,32.0,18.5,0,0,0,65.5
142,29.2,19.9,1,1,0,124.9
119,25.2,23.4,0,1,1,111.1
90,30.6,24.1,0,1,0,92.2
100,30.1,21.4,0,0,0,94.1
130,31.3,22.1,2,1,0,125.3
42,25.7,18.6,2,1,0,65.8
179,26.0,21.9,0,0,1,148.4
175,33.3,31.3,0,0,0,143.4
117,31.4,30.4,0,0,0,111.7
37,33.7,22.3,0,1,0,67.2
123,31.5,24.7,0,0,0,116.5
14,29.9,29.4,0,0,0,35.2
6,30.4,14.3,0,1,1,32.0
47,33.3,27.5,3,1,0,64.9
84,29.7,30.5,0,1,0,93.9
156,30.2,18.7,0,1,0,129.9
131,25.5,20.1,0,0,0,117.7
134,28.8,31.0,0,1,0,125.6
77,31.0,24.4,0,0,0,80.8
63,26.9,15.4,0,1,1,72.8
67,26.1,21.4,0,1,0,71.0
178,27.3,23.5,2,0,0,144.3
8,26.6,26.0,3,1,1,24.6
156,26.2,26.5,0,0,0,124.8
105,28.3,34.4,0,0,0,100.9
80,33.6,21.8,0,1,0,90.1
131,29.1,24.4,0,1,0,124.9
88,25.9,24.3,0,1,1,89.0
157,24.0,23.1,6,1,0,136.4
162,30.8,20.2,3,1,1,135.5
76,28.0,32.0,2,0,0,64.6
51,32.2,28.2,0,0,0,60.6
107,30.4,24.0,1,0,0,97.3
164,31.9,25.1,3,0,0,156.1
39,26.9,21.0,0,1,0,60.1
113,30.8,24.4,0,0,0,114.3
114,26.8,26.0,2,0,1,105.2
132,34.4,24.2,0,0,0,118.9
25,30.2,33.3,0,1,0,47.9
129,27.4,25.1,0,1,0,123.6
164,26.9,22.7,0,0,0,126.7
33,25.9,27.0,0,1,0,61.8
44,30.8,20.2,1,0,0,61.0
175,26.3,22.8,0,1,0,151.6
33,29.8,22.4,0,0,1,54.6
154,26.8,23.3,0,0,0,133.3
89,30.5,27.1,0,1,0,98.3
45,32.1,23.8,0,1,0,71.7
157,31.7,27.3,0,0,0,139.3
81,31.5,24.8,0,1,0,86.0
93,25.9,22.4,0,1,0,93.0
65,24.3,27.5,0,1,0,87.1
107,30.8,21.2,0,0,1,103.3
30,27.8,21.0,0,0,0,57.4
71,28.4,24.1,0,1,0,78.5
175,22.5,21.4,0,0,0,135.2
47,26.8,14.8,0,0,1,51.4
119,22.6,25.5,0,0,0,98.1
59,33.1,24.1,0,1,1,69.3
139,26.6,23.5,0,0,1,120.1
24,29.5,31.3,0,1,0,53.9
175,22.9,24.7,0,0,1,142.7
82,30.5,28.4,0,0,0,88.1
43,27.4,19.7,0,0,0,47.4
14,33.4,24.7,0,0,0,49.8
31,33.3,28.5,2,1,0,50.2
94,27.4,24.8,0,1,0,98.6
61,33.5,26.3,0,0,0,74.8
149,38.3,22.7,0,0,0,141.1
78,32.3,18.7,0,1,1,80.6
46,32.6,23.6,4,1,0,68.7
111,26.6,22.9,0,1,0,107.9
128,29.7,28.4,0,1,1,117.5
31,23.8,21.2,0,0,0,39.6
31,24.4,31.3,0,1,0,63.9
8,39.7,30.9,0,0,1,43.3
133,27.4,21.3,0,0,0,119.3
120,31.3,22.4,0,1,0,113.0
86,32.0,29.0,0,1,0,116.6
152,32.8,31.3,0,1,1,139.6
145,38.9,23.4,2,0,0,131.9
106,26.6,22.1,0,0,0,102.8
156,22.9,24.3,0,0,1,130.2
38,28.2,26.0,0,1,0,64.0
21,25.1,21.6,0,0,1,38.4
49,22.0,26.5,0,1,1,62.6
11,27.8,17.5,2,0,1,31.8
96,31.7,17.4,0,1,1,98.6
169,29.6,22.9,0,1,0,143.9
8,27.3,22.5,0,0,1,26.7
23,30.4,22.1,0,0,0,52.5
82,26.4,23.9,0,1,0,91.5
168,21.4,22.1,0,1,0,145.6
58,31.5,20.5,0,1,1,74.3
92,30.1,22.0,0,1,0,97.1
8,31.5,31.8,0,0,1,33.3
28,22.9,23.1,0,1,0,49.2
178,32.4,23.5,0,0,1,151.4
174,30.1,24.8,0,1,1,139.9
2,29.6,32.5,0,0,0,42.6
171,30.1,21.2,0,1,0,146.2
115,32.9,25.9,0,0,0,112.1
156,29.8,26.3,0,0,0,139.7
82,29.7,25.1,0,0,0,88.3
93,37.2,18.6,0,1,0,112.6
89,31.4,25.8,0,1,0,101.3
120,28.5,18.0,0,1,0,113.6
26,30.9,25.0,0,0,0,37.2
6,28.0,26.6,3,1,0,42.0
56,26.4,20.8,0,1,1,62.1
127,29.9,28.0,0,0,0,122.4
37,34.1,16.6,0,0,0,64.0
122,34.1,28.0,0,0,0,117.8
175,27.6,23.6,0,0,0,150.6
18,29.2,20.9,0,0,1,44.6
121,26.2,19.6,0,1,0,114.7
80,38.2,30.7,0,0,0,88.0
156,36.3,18.2,0,1,1,142.8
33,30.3,20.6,1,1,0,52.0
125,32.0,22.4,0,1,0,116.2
151,31.0,25.2,0,1,0,136.4
170,29.8,24.5,0,0,0,152.6
123,23.4,19.4,0,1,1,110.2
90,28.6,21.8,0,0,0,93.6
112,30.6,21.2,0,1,1,112.2
157,30.6,20.8,0,1,1,133.2
103,27.9,23.1,0,1,0,95.7
6,34.5,26.1,1,1,0,37.6
168,25.6,20.9,2,0,0,136.9
124,29.0,22.6,0,0,0,119.3
122,30.7,22.9,0,1,0,123.3
40,30.8,31.9,0,0,0,58.8
119,30.3,30.8,0,1,0,124.6
72,26.9,27.4,0,0,1,86.1
118,25.5,21.2,0,1,0,113.2
20,30.2,18.1,1,0,0,52.8
119,29.9,22.1,0,1,1,116.9
180,25.8,21.5,0,1,0,149.9
10,30.9,24.1,0,0,0,38.6
176,28.6,27.1,3,0,0,135.8
74,30.5,28.3,0,0,0,81.9
157,32.4,28.1,0,0,0,138.8
141,25.7,22.6,0,0,0,120.8
102,21.8,26.0,1,0,0,91.6
133,31.7,22.1,0,1,1,112.2
158,30.0,17.9,1,0,0,138.8
73,30.8,26.1,0,1,0,92.2
60,32.5,14.9,0,1,0,80.0
120,32.0,23.1,0,0,0,109.1
146,35.2,22.2,0,0,0,136.1
137,29.3,26.0,0,1,1,125.0
144,28.9,26.9,4,0,0,124.1
79,28.1,22.0,0,1,0,95.6
147,25.4,27.5,0,1,0,129.9
23,29.6,21.8,0,0,0,49.6
98,26.9,23.5,0,1,0,95.3
2,34.0,26.4,0,0,0,45.2
59,29.7,26.0,0,0,0,76.9
67,29.8,32.9,0,1,0,84.8
72,27.7,21.0,0,1,0,77.4
125,23.3,25.7,3,1,0,106.1
71,22.5,25.1,0,1,0,68.3
81,28.3,29.5,2,1,1,81.6
44,24.2,20.0,0,1,0,64.0
68,30.0,26.7,0,0,1,78.4
42,33.1,24.7,0,1,0,70.0
14,33.2,21.6,0,1,0,58.1
109,30.4,23.7,1,0,0,106.1
121,26.2,22.3,0,1,0,110.2
112,32.8,24.8,0,0,0,107.0
84,33.2,28.9,1,1,0,94.9
69,26.0,24.7,0,1,1,74.5
156,31.2,25.3,0,1,0,146.2
94,27.0,24.2,0,0,0,95.0
87,32.0,17.5,0,1,0,94.3
6,38.7,21.1,0,0,1,42.2
62,22.5,23.9,0,1,0,75.1
69,33.4,22.0,0,1,0,91.8
72,30.1,20.4,6,1,1,64.0
105,35.8,24.0,0,1,0,111.9
97,28.7,22.2,0,1,0,100.3
110,32.6,21.4,0,0,0,111.0
138,23.6,23.6,3,0,1,111.1
147,27.5,19.6,3,1,1,125.2
130,23.8,29.8,3,0,1,105.3
172,35.9,28.5,0,0,0,149.4
4,32.2,26.2,0,1,1,45.1
36,32.7,19.0,0,0,0,64.0
2,34.4,27.0,1,0,0,43.1
117,24.2,27.5,0,1,0,113.8
162,28.0,26.9,0,0,0,133.6
45,23.9,19.2,3,0,0,49.7
167,26.2,25.5,0,0,0,145.4
12,26.4,27.9,0,1,1,42.4
168,28.7,24.8,0,1,0,147.3
64,26.8,25.5,0,1,0,76.2
19,24.5,23.6,4,0,1,39.1
88,25.6,24.3,0,1,0,82.8
47,25.3,16.8,0,1,0,64.7
52,35.7,25.4,0,1,0,78.3
56,31.5,18.5,0,1,0,69.3
145,35.5,23.4,0,0,0,142.3
98,28.5,21.8,0,0,0,82.8
57,26.9,24.5,0,0,1,66.3
110,31.9,19.6,0,0,0,110.1
129,27.4,26.0,0,1,0,115.7
50,27.2,27.3,0,1,0,70.4
75,26.5,20.1,4,1,0,76.1
23,25.1,19.0,1,0,0,47.1
33,26.7,19.8,5,0,1,59.5
123,27.7,28.6,0,0,0,115.0
33,30.6,24.3,0,0,0,60.2
95,23.7,23.7,0,0,1,82.3
128,26.2,19.0,0,1,0,118.2
20,32.1,25.5,0,0,0,48.4
103,25.3,28.5,0,1,0,105.6
47,27.6,27.8,0,0,0,56.5
173,32.9,25.3,0,1,1,146.2
88,25.5,18.3,0,1,0,95.9
145,24.2,19.2,1,0,0,122.0
99,28.9,17.4,0,1,0,107.6
9,27.2,21.4,1,1,1,38.5
114,29.6,19.6,4,1,1,105.4
171,32.0,21.4,0,1,0,150.1
109,25.2,22.8,0,0,0,99.4
148,29.7,30.3,0,1,0,140.6
159,29.1,25.1,0,1,0,140.9
42,25.3,27.9,0,0,1,61.0
39,30.1,26.2,0,0,1,57.1
110,26.9,19.2,0,1,1,97.6
75,28.9,26.5,0,0,0,76.3
151,24.2,21.6,0,1,1,127.0
162,28.6,25.4,1,1,1,143.2
64,27.2,22.4,2,1,0,71.2
43,32.2,35.2,0,0,0,71.1
141,23.5,21.5,0,0,1,116.8
50,28.3,21.7,0,0,0,68.3
148,28.6,29.9,0,1,1,130.5
77,31.1,16.2,0,1,0,89.2
120,29.7,26.1,1,1,0,120.4
18,30.5,26.4,0,1,1,48.5
113,31.7,27.9,3,0,0,103.4
82,32.8,31.8,0,0,1,80.3
106,27.3,31.9,0,1,0,109.3
31,29.3,18.0,0,0,0,49.3
133,32.5,27.7,0,0,0,121.8
155,37.1,25.5,2,0,0,134.9
40,33.3,25.5,0,0,0,63.1
18,27.9,19.5,0,0,1,51.0
5,26.0,25.5,0,1,0,40.3
116,28.9,32.4,2,1,0,108.5
110,31.3,29.4,1,1,0,108.7
99,28.9,23.4,1,1,0,93.2
43,28.9,17.1,0,1,1,55.3
71,32.5,22.6,0,1,0,80.7
107,27.8,27.8,0,0,0,104.5
90,32.8,26.1,0,1,0,102.7
178,28.2,23.6,0,0,0,148.9
25,27.4,17.7,0,0,0,49.4
125,28.6,23.3,0,0,0,111.0
73,31.5,23.7,1,1,0,80.7
78,25.0,29.9,0,0,1,72.7
129,26.0,25.4,0,0,1,106.3
125,34.8,22.0,0,0,1,119.2
178,25.7,24.3,1,1,1,156.1
24,29.6,18.0,1,1,1,43.1
20,29.7,31.7,1,1,0,49.6
131,28.9,22.6,0,0,0,119.4
105,30.3,23.8,4,0,0,95.6
50,26.4,22.5,0,1,1,66.1
15,29.5,25.9,0,0,0,41.7
16,27.9,25.7,3,1,0,39.7
161,30.5,26.3,0,1,0,143.5
35,25.2,21.5,0,1,0,58.2
59,29.6,22.1,0,1,0,82.7
42,25.9,19.4,0,0,0,58.7
65,27.0,25.6,2,0,0,69.8
13,26.3,17.0,0,1,0,46.6
94,25.8,25.0,0,0,0,96.9
13,32.3,28.5,0,0,0,45.0
144,27.0,28.9,0,0,0,125.9
43,34.1,23.5,0,0,0,64.5
98,35.6,23.6,0,0,0,107.9
159,29.6,18.3,0,0,0,136.7
118,25.3,25.8,0,1,0,103.8
96,27.9,27.7,2,1,1,96.1
59,31.9,21.2,0,1,0,86.0
61,27.8,23.2,0,1,0,83.7
121,24.3,28.0,0,0,1,103.0
179,29.5,28.6,0,0,0,148.1
119,32.6,21.2,2,0,0,120.9
101,31.9,24.5,1,1,0,112.7
132,25.7,20.5,0,1,1,118.8
84,30.6,18.9,1,0,1,76.1
12,26.3,29.4,0,0,0,36.8
102,26.3,27.7,0,1,0,96.4
172,33.0,26.8,0,1,0,163.5
32,26.6,17.4,0,1,0,47.5
125,26.8,28.0,0,0,0,122.3
37,18.6,23.4,2,0,0,43.8
97,33.0,22.4,0,1,0,98.4
18,31.9,24.5,3,1,0,53.1
82,30.1,18.7,2,1,0,91.1
136,31.4,26.8,0,1,0,123.0
63,25.4,24.8,0,1,0,75.3
120,28.6,20.5,0,1,0,121.6
143,27.7,20.5,4,0,1,113.9
167,24.4,20.4,0,0,0,145.4
43,28.9,17.7,0,1,0,60.7
72,33.9,24.9,0,0,0,77.9
28,22.9,28.0,0,1,0,51.1
179,27.1,15.7,0,1,0,143.0
167,26.2,17.4,0,1,1,139.8
98,26.5,24.7,0,0,0,95.0
152,33.7,27.7,0,0,0,134.0
94,28.7,22.2,0,1,0,107.8
113,28.7,22.5,0,1,1,107.4
17,31.5,25.0,0,1,1,52.8
136,25.4,21.6,0,0,0,122.9
24,28.9,16.4,0,0,0,56.5
149,28.4,26.5,0,1,0,128.4
141,29.9,25.3,0,1,0,121.8
128,40.6,24.8,0,1,0,141.3
7,31.6,26.6,0,0,1,41.7
55,28.1,25.8,0,0,0,69.8
48,32.3,20.7,0,0,0,67.1
65,25.7,22.5,1,1,0,73.7
17,22.5,19.4,2,1,0,42.5
169,26.1,19.5,2,0,0,129.5
100,27.6,25.8,1,0,0,98.7
56,29.1,28.3,0,1,0,80.1
72,30.0,31.1,0,0,0,86.8
81,33.7,25.3,0,1,0,95.1
109,29.1,20.4,0,1,1,104.7
93,29.0,19.0,0,0,0,99.9
166,23.3,27.6,2,0,0,136.3
90,22.7,24.8,0,1,0,98.9
179,29.5,25.2,0,0,0,141.9
153,28.5,27.1,0,0,1,135.1
38,32.5,26.1,0,1,1,59.6
168,25.5,27.9,0,1,0,143.7
22,22.2,17.7,1,1,0,49.3
147,28.6,26.7,0,0,0,124.6
69,26.5,28.2,0,0,1,84.7
158,23.3,21.8,0,0,0,135.9
156,31.1,25.4,1,0,0,139.2
145,24.8,22.1,0,1,0,122.9
142,30.0,30.9,0,0,1,124.8
56,27.0,16.7,0,1,0,68.6
15,25.7,24.8,0,0,0,34.6
73,27.9,20.1,1,0,0,83.5
32,32.0,26.2,0,1,1,57.0
125,28.0,20.3,0,0,0,112.7
63,31.4,21.1,1,0,1,71.4
176,25.0,23.9,0,0,0,142.9
116,31.6,29.5,0,0,0,115.4
148,26.5,20.8,0,0,1,120.9
25,30.6,19.8,0,0,1,52.7
155,29.6,26.8,1,1,0,135.4
166,34.1,24.0,1,1,0,149.3
88,28.0,29.4,0,1,0,88.7
110,23.8,19.8,0,0,0,104.3
138,21.8,25.5,3,1,0,122.7
32,32.3,21.1,0,0,0,61.1
91,29.2,20.0,1,1,0,95.7
72,31.6,25.9,0,1,0,87.7
27,26.5,25.0,0,0,0,41.3
67,27.6,26.8,2,1,0,70.6
13,22.5,22.0,0,1,0,43.2
6,35.2,23.5,0,1,0,46.6
25,30.5,23.1,0,0,0,44.7
173,34.3,32.6,0,1,0,150.4
99,26.8,21.8,0,1,0,102.9
174,30.0,21.9,1,0,0,150.3
78,30.6,22.5,2,1,0,79.4
57,27.3,24.7,0,0,1,67.0
92,32.6,21.3,0,0,0,98.3
80,34.7,29.5,0,1,0,93.4
20,33.2,21.5,0,1,0,60.6
116,31.2,29.0,0,1,1,111.5
40,26.9,19.0,1,1,0,50.4
112,27.0,25.6,0,0,1,100.9
117,35.3,29.3,2,0,0,121.3
28,21.0,20.2,0,1,1,42.6
12,31.0,31.4,0,0,0,39.8
141,30.9,23.5,0,1,0,134.2
83,30.1,30.4,0,1,1,92.6
11,37.2,25.8,0,0,0,49.7
179,27.3,21.9,1,0,0,149.0
11,27.6,20.5,0,1,0,39.6
125,24.1,22.0,1,1,0,109.5
177,28.5,18.7,0,1,1,152.0
44,26.8,19.8,1,1,0,56.9
26,27.6,19.0,0,0,1,53.7
23,32.4,23.2,1,0,1,53.5
55,34.3,27.3,0,0,0,70.0
19,25.9,19.7,0,0,0,49.6
125,27.9,19.5,0,0,1,110.7
12,34.1,25.5,0,0,0,54.0
92,23.6,20.6,0,0,1,85.3
179,24.4,18.8,0,0,0,143.9
147,25.6,20.2,1,0,0,122.0
111,29.8,29.7,0,1,1,96.8
56,25.4,27.7,0,1,0,75.8
113,35.5,22.5,0,0,0,109.7
95,28.5,25.6,0,1,0,104.4
77,29.0,24.4,1,0,1,88.0
24,26.6,25.8,0,1,0,48.7
160,28.7,25.9,0,0,0,134.6
82,30.5,25.3,2,1,0,94.5
36,31.4,21.5,0,0,0,56.6
67,31.4,17.0,0,1,0,88.8
75,29.7,23.6,0,0,0,79.8
149,33.6,28.9,0,1,0,147.5
132,32.2,24.7,0,0,1,118.6
139,31.4,27.9,6,0,0,119.8
3,23.4,33.5,0,1,0,41.0
75,20.5,20.1,0,0,1,73.2
87,26.2,26.0,0,1,0,97.4
4,30.5,25.8,0,0,1,28.2
48,28.2,32.2,3,0,0,59.0
137,28.1,32.7,0,1,0,128.1
26,33.2,25.9,0,0,0,51.2
97,33.4,21.2,0,0,0,105.4
40,33.7,27.3,0,1,0,66.3
3,27.3,19.1,0,1,0,33.4
44,30.7,27.1,0,1,0,73.6
176,26.9,29.4,0,0,0,141.7
144,25.9,22.8,2,1,0,120.4
173,25.9,25.3,0,0,0,145.8
88,27.6,23.3,3,0,0,91.9
21,28.4,23.4,1,1,0,49.8
99,32.4,22.0,0,0,0,93.1
82,24.9,26.9,0,0,0,87.2
152,31.2,30.1,0,0,0,133.1
19,29.3,30.2,0,1,0,57.0
88,27.0,20.3,0,1,0,90.7
28,28.9,28.6,0,1,1,59.5
59,27.2,26.5,0,0,0,68.8
133,29.9,21.3,0,1,0,121.1
86,28.4,18.1,0,1,1,79.5
68,25.6,21.5,0,0,0,71.0
72,24.8,29.4,3,0,0,73.7
83,29.4,25.4,0,0,0,89.1
142,33.5,26.3,2,0,0,130.8
161,27.6,21.4,0,1,0,146.5
172,31.2,26.3,0,0,0,148.4
142,30.4,16.4,0,0,0,126.3
57,34.2,22.7,0,1,0,85.7
124,32.2,25.3,0,1,0,123.1
79,29.6,19.8,3,1,0,80.0
47,30.4,27.7,1,0,0,62.1
152,33.5,21.1,0,0,0,125.5
8,28.1,25.6,0,0,0,33.7
162,27.4,23.0,0,0,0,129.2
84,21.1,25.0,1,0,1,77.7
115,32.3,19.1,0,1,0,121.0
119,32.0,15.6,3,0,0,103.2
161,24.6,29.4,0,0,0,130.8
115,29.7,21.6,0,0,0,113.4
111,28.7,27.7,2,1,0,105.0
13,24.9,36.5,0,1,1,42.9
94,36.2,20.8,0,1,0,109.1
28,26.2,21.5,0,0,1,42.1
133,23.8,25.7,0,0,0,111.9
93,29.8,31.3,0,0,1,90.8
123,31.2,29.5,0,0,0,109.2
8,22.6,24.0,2,1,0,36.3
16,30.4,27.3,0,1,1,50.4
129,29.3,19.6,3,1,0,117.1
14,24.6,32.0,0,1,1,47.8
14,25.7,31.2,0,1,0,43.6
3,29.6,20.1,0,0,0,38.8
172,27.1,21.9,0,1,0,149.9
133,34.4,18.9,0,0,0,120.6
64,32.2,21.6,1,1,0,86.5
54,36.5,27.6,0,0,0,77.8
64,26.8,22.8,0,0,0,77.5
140,35.6,18.6,0,1,0,127.6
119,28.4,22.4,1,0,0,109.5
34,27.6,32.3,0,0,0,54.0
32,23.3,25.3,0,0,0,45.0
19,23.4,23.2,0,0,0,47.1
119,30.8,20.1,0,1,0,117.2
138,28.6,32.8,0,1,1,118.4
48,26.4,27.7,0,0,0,60.9
5,30.0,21.7,0,0,0,42.1
16,26.7,18.1,0,1,0,40.3
174,29.7,17.7,0,0,1,138.7
54,27.7,19.3,0,0,0,65.9
139,32.3,24.8,1,0,0,128.2
113,32.2,29.9,1,1,0,110.4
69,28.8,24.0,0,0,0,80.6
38,27.7,28.0,0,0,1,55.0
23,27.8,23.5,0,0,1,45.0
111,32.0,26.2,0,0,1,94.4
140,27.4,26.5,0,1,0,127.6
116,26.2,20.3,0,0,0,104.5
96,24.2,22.6,4,0,1,84.0
9,28.7,25.4,4,0,0,30.1
174,28.8,18.2,0,0,0,144.0
144,32.5,22.6,0,1,0,137.3
53,26.3,24.4,0,1,0,77.1
176,27.9,34.6,0,0,0,142.9
109,32.1,23.8,0,0,1,107.0
105,32.3,27.6,0,0,0,112.3
135,28.0,23.3,2,1,0,124.8
146,28.6,27.3,0,1,0,139.0
119,27.2,25.0,0,0,0,106.5
24,34.2,28.8,0,1,0,65.7
62,24.9,23.1,0,1,0,69.9
167,34.3,25.1,0,1,0,152.2
41,30.7,25.3,1,0,1,55.5
68,29.3,23.2,0,0,0,75.6
78,22.6,19.8,0,0,1,65.9
80,28.8,18.8,0,1,0,78.5
111,28.2,15.6,0,1,0,113.2
170,25.5,28.6,2,1,0,133.6
44,30.4,21.1,0,0,0,64.5
23,35.6,20.8,0,0,0,48.1
36,29.6,26.5,0,0,0,54.2
160,31.0,22.1,0,1,0,146.7
117,23.8,24.1,0,0,0,105.2
52,28.3,20.1,0,0,0,65.6
147,24.8,31.0,0,1,0,136.3
155,30.0,28.2,1,0,0,133.6
153,34.4,28.4,0,0,0,145.4
165,30.5,23.1,0,0,0,137.3
46,24.0,26.9,0,1,0,57.4
136,27.7,19.8,0,1,0,123.5
83,29.4,14.7,0,1,0,90.6
152,28.1,15.9,0,0,0,125.6
131,32.4,24.9,0,1,1,122.4
140,32.1,23.6,0,1,0,138.7
118,30.0,24.2,0,1,1,110.9
33,27.9,14.5,0,1,0,46.4
99,26.7,23.2,0,0,1,83.7
177,24.6,26.3,0,0,0,155.6
169,27.7,23.4,2,0,1,143.4
9,28.2,26.5,0,1,0,41.0
31,30.6,21.1,0,1,0,62.7
25,30.4,27.6,0,1,0,57.2
131,23.9,24.9,0,0,0,120.3
147,28.1,20.8,3,0,1,115.2
39,25.8,21.1,0,0,0,50.3
92,25.5,25.3,2,1,1,94.6
151,32.3,27.8,0,0,0,128.9
132,23.0,23.2,0,1,0,117.9
98,28.3,21.4,0,0,0,96.1
107,25.6,28.4,0,0,1,101.6
92,33.1,25.8,0,1,0,102.8
54,29.5,23.5,0,0,0,68.8
102,26.4,23.9,0,0,0,95.7
124,29.0,20.7,0,0,0,109.0
157,31.2,25.3,0,0,1,134.7
115,35.1,22.6,0,1,0,124.1
137,26.3,34.4,3,1,0,120.5
30,33.2,23.8,0,0,0,64.3
84,34.3,23.9,1,1,1,96.6
3,33.8,24.7,0,0,0,42.9
45,30.2,29.5,0,1,0,68.7
131,30.2,27.4,0,1,0,121.7
179,28.1,23.5,0,1,0,161.3
19,31.4,26.3,0,0,0,52.8
73,29.3,24.9,0,0,0,80.9
144,30.6,23.9,4,0,1,128.6
38,28.4,20.5,0,1,1,61.0
100,31.2,23.6,0,1,0,98.0
132,32.3,21.3,3,0,0,115.8
111,25.3,29.5,0,1,0,111.2
35,32.4,22.3,0,0,0,66.9
65,29.4,30.7,0,0,0,89.3
141,32.6,24.3,0,0,0,129.4
100,28.4,25.3,0,0,0,101.7
2,27.9,24.4,0,0,0,31.0
137,33.8,19.5,0,1,1,123.5
7,26.7,22.7,0,0,0,27.5
134,32.5,18.9,0,0,0,125.7
37,28.9,25.3,3,1,0,63.9
172,29.1,23.5,0,0,0,149.8
67,27.3,27.1,5,1,0,73.1
60,29.6,20.9,0,0,0,78.6
28,27.4,20.1,0,1,1,65.2
56,22.9,23.1,1,1,1,59.0
158,26.9,29.8,0,0,0,123.4
179,20.4,26.2,0,1,0,148.0
67,36.1,23.2,0,1,1,90.6
81,35.4,24.2,0,1,0,89.3
130,28.1,18.5,0,0,0,120.6
160,31.1,32.6,0,0,0,139.7
107,27.6,25.7,0,1,0,108.1
71,30.6,21.7,0,1,1,77.5
75,32.0,24.9,0,0,0,80.7
126,34.7,19.1,0,0,0,114.5
2,28.1,31.3,2,0,0,35.7
112,31.7,20.3,0,0,0,105.4
65,26.8,25.5,0,0,1,72.3
143,37.2,21.3,4,0,0,128.6
18,22.2,26.3,0,0,0,33.1
106,29.9,27.0,2,0,1,98.8
87,30.4,25.8,2,1,0,94.4
116,30.7,25.2,4,0,0,110.5
13,24.9,29.0,0,0,0,46.4
105,34.4,18.4,1,0,0,99.6
102,25.8,22.3,1,1,0,100.5
101,30.1,21.3,0,1,0,93.2
109,26.3,33.0,0,1,0,112.1
122,27.2,22.9,0,0,1,113.7
145,29.4,26.5,0,1,0,119.7
49,28.3,25.9,0,0,0,63.8
149,25.5,20.8,0,0,0,121.9
90,25.7,21.2,0,1,1,87.8
15,28.3,21.7,0,1,0,43.5
11,31.4,23.1,0,1,1,44.3
61,33.4,21.1,0,1,0,86.1
141,24.2,15.9,2,1,1,115.8
128,28.1,28.7,0,0,0,111.8
142,24.5,31.3,0,0,0,122.2
94,21.6,22.4,0,0,0,85.7
80,30.5,22.3,0,1,1,87.4
27,29.9,14.4,1,0,0,46.0
60,25.6,25.9,1,1,0,73.9
79,26.5,27.7,0,0,0,89.6
17,22.1,19.8,2,0,1,24.7
40,32.4,20.0,0,0,1,62.0
108,35.8,27.2,0,0,0,116.3
133,25.2,25.2,0,1,0,118.3
180,26.4,17.3,1,0,0,151.5
168,32.9,25.3,0,0,1,143.9
116,34.1,22.0,0,0,1,105.3
76,28.3,22.7,5,0,0,68.6
115,23.3,27.0,0,0,0,107.3
142,22.9,27.5,0,0,1,120.9
22,29.7,23.0,1,1,1,56.0
74,28.1,30.5,0,0,0,85.8
151,22.4,23.1,0,0,0,124.9
70,29.7,27.0,0,1,0,86.9
103,21.1,23.8,0,0,0,93.4
106,31.8,29.1,0,0,0,105.0
34,27.2,29.3,0,1,0,56.5
66,22.9,18.6,0,0,0,60.8
61,29.8,30.1,0,1,0,75.7
6,28.1,27.7,3,0,0,32.7
5,35.8,27.2,2,1,0,32.2
150,29.4,20.7,0,1,1,129.4
50,26.9,27.4,0,0,0,69.4
94,30.9,28.1,2,0,0,101.2
54,26.9,21.8,0,0,0,64.0
169,33.6,30.7,0,0,1,144.0
47,27.9,17.5,1,1,1,58.1
78,29.4,19.9,2,1,0,82.3
157,23.3,24.4,4,0,1,127.1
152,28.4,24.8,3,1,0,139.6
34,32.4,25.5,0,0,1,48.3
145,32.0,15.6,0,1,0,129.1
83,26.4,31.0,0,1,0,81.2
87,26.4,17.3,0,1,0,90.5
25,32.2,19.8,0,0,0,49.9
15,34.2,15.4,0,1,0,53.1
131,24.4,24.7,0,0,1,115.0
90,28.6,30.0,0,1,1,96.7
79,27.5,25.7,2,0,0,72.9
132,33.0,27.7,4,0,0,117.9
138,24.2,15.3,0,1,0,112.5
29,26.2,24.4,0,1,0,62.9
110,31.4,23.6,0,0,0,106.0
25,23.3,24.0,0,1,0,41.7
135,28.9,18.2,0,1,0,121.9
119,28.5,25.9,0,1,0,115.8
172,27.5,24.0,0,1,0,151.9
13,28.1,26.9,0,0,0,48.6
11,29.3,23.9,4,1,0,39.6
52,25.5,19.9,0,0,0,61.3
