ID_Animal,Dias_Vida,Peso_Atual
1,0,2.500297142563213
2,0,4.945471286295371
2,15,9.46204473840613
2,30,13.619422819057473
2,45,18.228783147275934
2,60,21.80756552794471
2,75,23.3696576704704
2,90,30.87890315158238
3,0,3.105213766618202
3,15,7.47402091657614
3,30,11.206886651080614
3,45,15.239819332903183
3,60,19.608203187063037
3,75,22.286416230633506
3,90,26.339632605231323
4,0,2.327300626521554
5,0,4.792136409255258
5,15,8.867863672986715
5,30,13.264113945861105
5,45,18.191493261169068
5,60,23.286649278149863
5,75,26.186278289482093
5,90,29.865131805939615
6,0,4.38195456002618
6,15,8.576747711919534
6,30,13.081750782988596
6,45,15.918918922352923
6,60,18.82584939636807
6,75,24.58872261785633
6,90,27.29115478013211
7,0,3.8294642948933824
7,15,7.284282005949534
7,30,11.060789707107054
7,45,14.462377063755744
7,60,19.92149677547737
7,75,22.553380534638354
7,90,26.308377590981504
8,0,3.290595711984688
8,15,7.026472223663761
8,30,9.686556028322103
8,45,14.520487898650604
8,60,17.182283541721933
8,75,21.68457480562241
8,90,22.260732112432844
9,0,2.4230177055666617
10,0,3.009662461566613
10,15,5.809005683346973
10,30,10.248036261819514
10,45,13.506255583397266
10,60,15.724171668516417
10,75,18.83887503247592
10,90,25.539109243553842
11,0,3.2557044464245406
11,15,6.6465627889788665
11,30,11.817841473461515
11,45,14.172888415586923
11,60,19.33158157316918
11,75,22.08193373731069
11,90,27.511869197491052
12,0,3.248205341392114
12,15,6.8895556263150235
12,30,10.873018878090033
12,45,14.841256550806914
12,60,17.647161171018155
12,75,23.55149390085663
12,90,25.42552985792549
13,0,3.6091583030011565
13,15,7.107370827059997
13,30,10.270906107920785
13,45,12.514708873075596
13,60,17.76593670795904
13,75,24.90545221924753
13,90,26.587161181014583
14,0,2.314749698188411
15,0,3.608756303230845
15,15,7.5638395454707945
15,30,11.39818315674508
15,45,15.51292474842734
15,60,20.015501634202657
15,75,21.778592923438968
15,90,29.44601278418378
16,0,3.9876834250014874
16,15,8.34417946771642
16,30,12.511356104951478
16,45,16.534493418139878
16,60,20.31284713699216
16,75,25.305607115890876
16,90,29.540369737425713
17,0,3.8026877530729797
17,15,7.684828133876306
17,30,11.547939488920036
17,45,15.938952544903602
17,60,21.460750210780663
17,75,22.182295369064107
17,90,25.21260396696233
18,0,2.4829872525408976
19,0,1.9035031332341652
19,15,5.044085402688718
19,30,8.081896992466941
19,45,11.257328659813462
19,60,14.455725977655474
19,75,16.97313469538531
19,90,23.116056134469517
20,0,3.970237368980199
20,15,7.414287854770958
20,30,11.68432299423186
20,45,16.10859129995432
20,60,18.58394692041637
20,75,24.08086270961587
20,90,31.470384439741395
21,0,3.9119570670323305
22,0,4.432070214986922
22,15,8.64987182073225
22,30,12.970507811933727
22,45,16.147313953725032
22,60,20.64392037479776
22,75,24.95802724151649
22,90,29.102023672964346
23,0,2.7611487515161417
23,15,6.596470530014127
23,30,9.715978383800476
23,45,11.955375609101324
23,60,16.345140444741386
23,75,20.12123047878172
23,90,24.870492225509544
24,0,3.7216490145181935
24,15,7.962188821112932
24,30,10.440173090784711
24,45,13.998261431957074
24,60,16.9290903420435
24,75,21.503444899038268
24,90,26.313380233376662
25,0,3.099004156096622
25,15,6.920411421923008
25,30,9.929165287539293
25,45,13.171218442223823
25,60,16.992096435532122
25,75,19.11026985213978
25,90,27.572858272205877
26,0,3.468549541224526
26,15,6.759447167970645
26,30,11.405128565055367
26,45,16.69735863726809
26,60,19.157722165996624
26,75,22.806902862684236
26,90,26.330664683229386
27,0,3.478068382304357
27,15,7.330835488305388
27,30,12.034214456936512
27,45,13.644730040664388
27,60,20.73074137072085
27,75,21.113497251934444
27,90,26.525284661368538
28,0,3.453547401102046
28,15,7.201490890149018
28,30,11.58976169781148
28,45,14.04309990697817
28,60,19.587679826274478
28,75,25.851032728495987
28,90,24.42806081458903
29,0,3.652525160853986
29,15,7.702584291424254
29,30,11.262016132171464
29,45,15.888566030112523
29,60,19.575022260918118
29,75,22.63857695371497
29,90,28.409634177402648
30,0,4.073871036336866
30,15,8.507735356904401
30,30,11.429560032413217
30,45,15.77717947709748
30,60,17.66768877277209
30,75,21.378636966437107
30,90,27.310790515821928
31,0,2.3823264733701213
32,0,3.772574563886694
32,15,7.990625710895955
32,30,11.229852865757968
32,45,14.45592459925543
32,60,18.31894363606447
32,75,20.216285646608878
32,90,26.711562132640168
33,0,2.6668884404660487
34,0,3.656899548725749
34,15,7.979549862753475
34,30,11.377459272664108
34,45,15.247328585453285
34,60,19.835488540676234
34,75,22.934480572491214
34,90,27.39697339937433
35,0,2.8219057359895547
35,15,6.9958684908766395
35,30,9.397419232197857
35,45,12.61682428816477
35,60,15.56985845011461
35,75,20.615431500311296
35,90,22.596071340317263
36,0,3.0764989991857554
36,15,6.250110925598924
36,30,10.615072148704932
36,45,14.389560276725323
36,60,16.17786717304098
36,75,17.618646065654197
36,90,25.508097523918423
37,0,3.171254107496083
37,15,6.359483657988906
37,30,10.492496464894497
37,45,12.112057536401478
37,60,17.90423299709568
37,75,18.767587667157787
37,90,25.261425121262103
38,0,3.415098510210461
38,15,7.325218348176203
38,30,10.73128891631514
38,45,14.833585842527961
38,60,19.730973820368995
38,75,23.08511605611152
38,90,27.923439842463388
39,0,3.0481627160151343
39,15,7.616717426421573
39,30,9.828868846240173
39,45,15.603988277281008
39,60,18.332053178381894
39,75,20.769598989454817
39,90,23.35377539722525
40,0,4.919558402722034
40,15,9.201353770484307
40,30,14.107479335516224
40,45,17.894687852898155
40,60,23.879369331739944
40,75,24.679343171483332
40,90,31.032398974106496
41,0,2.9844915395926375
41,15,5.894318235741957
41,30,9.973062936037788
41,45,13.828527283046554
41,60,16.1581068968614
41,75,16.362031231842167
41,90,23.754630382432897
42,0,4.614198311564269
43,0,3.809159543025678
43,15,8.002963338695672
43,30,12.063540892237963
43,45,16.773345220819852
43,60,18.811246420346627
43,75,24.869532937649403
43,90,30.151785618556154
44,0,3.2926216346535666
44,15,6.463794654647084
44,30,11.193348058837177
44,45,14.530450728361215
44,60,18.68088621191784
44,75,23.115403859558104
44,90,25.597967733419914
45,0,4.117041734129613
46,0,3.415013384470679
46,15,7.054865068806918
46,30,11.241666830855234
46,45,14.34027212481876
46,60,17.92910723146889
46,75,23.882994613291167
46,90,24.716768511474392
47,0,3.8668929558953735
47,15,8.167933238853427
47,30,12.186034230740471
47,45,14.735886737828027
47,60,19.338307106428573
47,75,25.72903464231269
47,90,26.292144043898634
48,0,2.672052176898186
48,15,6.171776160563133
48,30,10.274014944550578
48,45,14.284857255336437
48,60,17.142783588364107
48,75,20.2485954212996
48,90,27.393130339457166
49,0,2.803132178714272
49,15,7.205140867315939
49,30,10.750754812180096
49,45,14.02780679291676
49,60,16.865153976169793
49,75,20.252128647661127
49,90,26.09542119514161
50,0,3.2870282849237857
50,15,6.942009406915656
50,30,10.99340452890038
50,45,14.231930058443895
50,60,15.72333058670985
50,75,22.206531146973862
50,90,22.38726703725494
51,0,4.636286193418852
51,15,8.756783303263171
51,30,13.30732801603354
51,45,18.895802697589193
51,60,24.88158015746026
51,75,26.835071740844985
51,90,29.922687596940072
52,0,3.3595095046830226
53,0,4.079163456260861
53,15,8.392260538794003
53,30,12.745283500052194
53,45,16.157926538366674
53,60,22.31929114895142
53,75,24.91809044719352
53,90,29.622482392349493
54,0,3.8380026957062054
54,15,8.13022383647273
54,30,12.118624061947397
54,45,16.54043698468226
54,60,19.336065190897614
54,75,23.218036798357286
54,90,25.99112221697974
55,0,3.234680412018039
56,0,3.09314275154751
56,15,7.073223559004685
56,30,11.111478929290609
56,45,14.848856555900388
56,60,20.027314693974517
56,75,22.125069085998355
56,90,27.17797176717918
57,0,3.7322350287051163
57,15,7.304322694162086
57,30,11.531574532983079
57,45,16.23551142877491
57,60,20.59417087574012
57,75,23.321483569596804
57,90,27.597799464436903
58,0,4.718046587605218
58,15,8.418960013103467
58,30,13.124409453084935
58,45,18.249816310001762
58,60,22.48449425910649
58,75,26.891876264601898
58,90,30.58261176657939
59,0,2.90384361766371
59,15,6.2827631067588605
59,30,9.314983866200658
59,45,13.53895347820789
59,60,16.836445118989378
59,75,20.469335274282592
59,90,22.18759767052337
60,0,3.9417957751525985
60,15,7.16094186408214
60,30,12.633735474650233
60,45,15.782254817183846
60,60,19.31479534522521
60,75,25.21958092362847
60,90,27.591804786576887
61,0,4.056548849989591
61,15,8.19365525540473
61,30,11.81926456726464
61,45,15.718030574300569
61,60,17.555685830256557
61,75,24.352994171303383
61,90,26.87165026275349
62,0,4.170858456819952
62,15,8.157482447661176
62,30,12.507457572372086
62,45,15.27686052410663
62,60,21.11135229667591
62,75,23.3946041264965
62,90,26.455963650285327
63,0,3.8960245582450157
63,15,7.348574577783181
63,30,12.56852828693682
63,45,15.58623070023826
63,60,21.650543866554145
63,75,23.394404359531432
63,90,25.030256541539096
64,0,3.945441767898749
64,15,7.571768892621815
64,30,12.711209498974915
64,45,16.02331318000354
64,60,19.64254647127847
64,75,24.486296450725337
64,90,29.25553501202646
65,0,4.454054338344295
66,0,4.2783511583972915
66,15,8.879504375478277
66,30,13.353753122213678
66,45,16.508034932757766
66,60,19.58422406762397
66,75,24.520472213430004
66,90,29.740902180690757
67,0,3.3570052697460246
68,0,2.784383523221111
68,15,6.122226334088289
68,30,9.720485664458005
68,45,14.17957490824378
68,60,17.59618052698982
68,75,21.406601293333903
68,90,23.673057495823983
69,0,2.5318973134483516
70,0,3.7039956634562716
70,15,7.604954082762561
70,30,11.208872603658078
70,45,16.322985608632386
70,60,20.72129394990628
70,75,21.09071105035933
70,90,25.931592766321604
71,0,3.6442893022654816
71,15,7.031435468034846
71,30,11.255017184181208
71,45,15.503657146206406
71,60,18.06363049162389
71,75,22.227801682397644
71,90,25.626688907992577
72,0,4.346499758716395
72,15,8.236629390345898
72,30,12.00022752141496
72,45,15.250089815391641
72,60,19.762067355851123
72,75,22.630452945740377
72,90,26.697637370302704
73,0,3.790914679273782
73,15,8.46362448508951
73,30,12.518035030263063
73,45,14.900541493847676
73,60,20.703573585912814
73,75,25.006480236518588
73,90,25.77027401777425
74,0,3.4005551734044284
74,15,7.621409635896411
74,30,11.99548643529357
74,45,14.287209844941213
74,60,18.06842684679191
74,75,24.317633474868277
74,90,27.30382081055985
75,0,3.2836961570359513
75,15,6.98979987861555
75,30,10.439884946397779
75,45,14.037277241041213
75,60,15.895551548362825
75,75,22.191757534304728
75,90,26.388090725692045
76,0,3.3108489030980066
76,15,6.719258865934099
76,30,10.28489515421965
76,45,12.695559976533314
76,60,17.82669325543375
76,75,21.5982355307972
76,90,24.185323547225693
77,0,3.7125201216522954
77,15,8.146647890763932
77,30,11.527425625304037
77,45,16.103127527412223
77,60,18.650885523298065
77,75,23.64852356083076
77,90,27.352500963506184
78,0,3.0721274202535773
78,15,6.587011249129021
78,30,9.734481625841823
78,45,13.25672446661984
78,60,17.618494948856736
78,75,19.597488320477424
78,90,20.659789140343463
79,0,3.7640905786845638
79,15,8.458571448103722
79,30,12.496296199885386
79,45,14.8548816455491
79,60,20.502202208438653
79,75,23.110253224360793
79,90,28.306904968679238
80,0,4.095440501677898
80,15,8.319310436044885
80,30,12.19159410585454
80,45,15.85310684563787
80,60,19.827919033836515
80,75,23.363567505150023
80,90,27.208362319471796
81,0,3.7874865206274277
81,15,7.7774209798796585
81,30,11.450169105296665
81,45,16.330712136833764
81,60,21.364503936638535
81,75,23.061475540661927
81,90,28.32786058374725
82,0,2.4588831496001435
82,15,5.897258096015503
82,30,9.188080879335189
82,45,12.241945553479438
82,60,16.184603387786037
82,75,19.34333766648094
82,90,19.625197337574903
83,0,4.10517630992169
83,15,8.557148661450663
83,30,12.786715695129189
83,45,15.886452563321738
83,60,20.589958014532783
83,75,25.6139069564663
83,90,28.38726310155891
84,0,3.4440818838249196
84,15,7.777556184347417
84,30,12.491865136339875
84,45,14.613915705606987
84,60,17.692918131208483
84,75,23.433018921779087
84,90,28.25831990919314
85,0,3.795243898920358
86,0,4.0065143485072765
86,15,7.99804598997026
86,30,12.921274300327513
86,45,15.28188805736447
86,60,21.038798833464817
86,75,23.573129562378735
86,90,31.679089302303876
87,0,3.8283249624485536
87,15,8.637224297840634
87,30,11.489214036229622
87,45,15.515388505118532
87,60,20.81622926914962
87,75,23.43205558516431
87,90,27.91529914168131
88,0,3.714846377178365
88,15,7.7192440883776525
88,30,10.711923072783263
88,45,15.688175750720571
88,60,18.99143879282716
88,75,23.000853348439563
88,90,30.35228906251673
89,0,3.83223720740506
89,15,7.369776502700536
89,30,12.311735545001218
89,45,15.719002569579054
89,60,19.66649901832037
89,75,25.080527240517952
89,90,28.63935907568662
90,0,2.762266716823064
91,0,3.495152628579446
91,15,7.647188507730928
91,30,11.852472947002424
91,45,15.040591416493037
91,60,18.586895102791903
91,75,21.627713755322347
91,90,25.53941787956138
92,0,4.099964364998102
92,15,9.365015657743449
92,30,12.963027434044303
92,45,15.450403377995578
92,60,19.195422680306525
92,75,25.32050784838682
92,90,29.772340097143925
93,0,3.693278564534896
94,0,4.545363068424976
94,15,9.003951491118436
94,30,12.900853749477218
94,45,17.185235491505352
94,60,21.85314293343029
94,75,25.88294210482066
94,90,25.901310902006994
95,0,2.8743337286010555
95,15,6.151628991872755
95,30,9.169040641393861
95,45,13.103262363050677
95,60,19.37854752223579
95,75,20.22224630595438
95,90,22.49810452066402
96,0,3.28145701444098
96,15,7.506933040381031
96,30,11.259719964830328
96,45,15.179336833015448
96,60,19.35617020153942
96,75,25.465665663823565
96,90,24.375936035081804
97,0,3.14329866822953
97,15,7.151794165449543
97,30,10.310647618676787
97,45,15.015014138234237
97,60,17.50125911676077
97,75,21.67741118830675
97,90,25.535319929702556
98,0,3.5987651567559356
99,0,4.180286990524932
99,15,8.696567969425757
99,30,12.922993980876806
99,45,15.679400184073744
99,60,20.772481058671367
99,75,23.863218845119736
99,90,26.656569488720443
100,0,4.101523010076707
100,15,8.126981568350173
100,30,12.163054042087225
100,45,18.192263171746244
100,60,20.983526444618796
100,75,22.736623169975456
100,90,27.719432520498536
101,0,4.2247770677206615
101,15,8.772251978746707
101,30,13.598672074335852
101,45,15.517238527296739
101,60,18.90325309076076
101,75,27.56570253836072
101,90,29.830162017754027
102,0,3.057551015775048
102,15,6.514735000522652
102,30,10.92830665307
102,45,12.538429819185355
102,60,18.25004399974555
102,75,22.500095338310913
102,90,27.551042602315118
103,0,3.416560650792289
103,15,6.924419598048732
103,30,11.270768741326066
103,45,14.460532382612149
103,60,19.296073583345258
103,75,21.695377995025513
103,90,26.091383269772
104,0,3.687617299053658
104,15,7.283874792476915
104,30,11.996608070094743
104,45,16.26884992777803
104,60,19.394227145128013
104,75,23.672257790620186
104,90,24.92543432027819
105,0,4.070731364102394
105,15,8.054577419530453
105,30,12.247231130425597
105,45,18.274464582791282
105,60,19.345109191488202
105,75,26.614475067519795
105,90,30.52223655039845
106,0,4.129577580151323
107,0,3.81174479963664
108,0,2.504478853927545
109,0,3.826877775873758
109,15,7.964857033727856
109,30,12.791625024898831
109,45,16.180844241800116
109,60,20.334776289184664
109,75,23.89326819756831
109,90,30.258860204920982
110,0,3.945902002701273
110,15,8.439123053420918
110,30,11.750176605782325
110,45,15.180759589048312
110,60,19.994620757923883
110,75,23.151368004633127
110,90,28.21100514452516
111,0,4.092345075413502
111,15,8.684711867455508
111,30,12.071479598866762
111,45,16.38440869183476
111,60,20.582148946298243
111,75,25.811595666269444
111,90,24.58182094328629
112,0,3.3896457498005437
112,15,6.673915192624299
112,30,10.54259644069193
112,45,14.825384168030508
112,60,16.97711982792989
112,75,18.38757852525975
112,90,25.667474274478877
113,0,4.048285750832245
113,15,7.893921207125214
113,30,11.622596094134904
113,45,15.87909251903918
113,60,20.238627871547493
113,75,23.67911138559827
113,90,24.53490289669701
114,0,3.720735213486515
114,15,8.068306704646595
114,30,12.37186177957243
114,45,16.18175034934552
114,60,18.548970371405105
114,75,23.42142898230599
114,90,27.685994164587743
115,0,2.928358874404245
115,15,6.5463943393039346
115,30,10.040683451551134
115,45,12.546605857253658
115,60,16.545751672709795
115,75,20.482279082433493
115,90,25.92267614430341
116,0,2.7075986429865493
116,15,6.300809963980531
116,30,9.749837117255831
116,45,12.72021172692323
116,60,17.410683812193973
116,75,19.864249831843342
116,90,21.018263566541236
117,0,2.764049428534322
117,15,7.022917495393651
117,30,10.543062443133412
117,45,13.57048699889706
117,60,17.113424225919612
117,75,21.722857871656696
117,90,25.876230271141132
118,0,3.293219301061629
118,15,7.238457895419009
118,30,11.189993696310767
118,45,16.129585768584974
118,60,19.854484667107723
118,75,22.898349450497903
118,90,28.242438617392413
119,0,2.4654636306700417
119,15,5.305697524322768
119,30,9.160337451544585
119,45,13.511128001829585
119,60,15.222339993825178
119,75,17.509035192680212
119,90,20.726933721978956
120,0,3.319952343698038
120,15,6.3941651071816805
120,30,9.916463430717547
120,45,13.5542910815485
120,60,15.894902019970731
120,75,20.846616373991626
120,90,25.995079333859803
121,0,4.1389629356696345
122,0,3.5560442959271485
122,15,7.147319747481083
122,30,12.234634234031684
122,45,15.766808426444088
122,60,20.39105437975752
122,75,22.374624319040315
122,90,28.817795698669258
123,0,5.178654106632751
123,15,9.184576227634413
123,30,14.50580777937793
123,45,18.60402632395254
123,60,23.47551110824325
123,75,25.71059944042063
123,90,30.124352290359987
124,0,3.7971425384983304
124,15,8.050199685530405
124,30,11.345448259414827
124,45,16.19039538491869
124,60,18.483790148128413
124,75,25.073232125540272
124,90,25.631830975473584
125,0,4.750870644699399
126,0,4.880755598363426
126,15,9.4412997534636
126,30,13.892451606431914
126,45,17.408276068529066
126,60,22.84938932626901
126,75,26.964337812381096
126,90,29.949258241461024
127,0,3.679986071469558
127,15,7.268964641647245
127,30,10.633954440320462
127,45,15.885469820084442
127,60,18.02508653968161
127,75,23.732652522896384
127,90,27.096581800362603
128,0,2.8111423151239467
128,15,6.425482596707758
128,30,9.35177086279522
128,45,12.617320753633859
128,60,16.94858164263245
128,75,20.019144878285264
128,90,23.486087003135196
129,0,3.9173392243439453
130,0,3.542340152932454
131,0,2.7764368552351515
131,15,6.298164384480703
131,30,8.658920038052573
131,45,13.338901817937353
131,60,16.750837688764495
131,75,18.05120811748559
131,90,22.352474318361153
132,0,2.964192980744674
132,15,6.343055520647255
132,30,9.683218763917251
132,45,13.38901513917707
132,60,17.99644745249999
132,75,21.44094114787304
132,90,20.90213483823699
133,0,3.2265445086590296
133,15,7.318151940793274
133,30,11.609086762281075
133,45,15.050870743951828
133,60,19.727561351322265
133,75,25.266770975247802
133,90,28.208187284543197
134,0,4.0183263762636425
134,15,8.20147015576908
134,30,12.72928458029895
134,45,16.379863793896167
134,60,20.384619455119715
134,75,23.956764462624164
134,90,31.4236285673776
135,0,4.392852077331498
135,15,8.270156473036998
135,30,13.580286648147423
135,45,17.348820436641617
135,60,19.761646625747325
135,75,25.893775459408474
135,90,25.694936777372693
136,0,4.109476655332533
137,0,4.298023842902908
137,15,8.71242163569927
137,30,13.094207748188966
137,45,16.376787233667788
137,60,21.10125927860791
137,75,27.864595369226418
137,90,28.378835357243563
138,0,3.4216024557152696
138,15,6.913344387499349
138,30,12.000090020416774
138,45,16.56392037899384
138,60,19.05128266895224
138,75,24.36162553023147
138,90,29.342217319734885
139,0,3.9386600805789316
139,15,7.709451780341744
139,30,11.811114780652892
139,45,17.015838175137155
139,60,21.89815002729397
139,75,25.029992731856638
139,90,26.680591671642205
140,0,3.6745834917724762
140,15,8.435224141386499
140,30,11.364998622966446
140,45,15.378733743018405
140,60,19.952127146963896
140,75,25.749331981592587
140,90,29.14868933358455
141,0,4.027943886040804
142,0,5.182501172450541
142,15,9.779740511827452
142,30,14.291367616481889
142,45,18.518300362422544
142,60,23.488944419151675
142,75,23.83594848966845
142,90,31.24227948358239
143,0,3.4782408848099284
143,15,7.496230908095313
143,30,10.730494805825808
143,45,15.528742086552247
143,60,18.964250871912622
143,75,25.53863922551388
143,90,29.929160969115287
144,0,4.563920064040619
144,15,8.630655568681524
144,30,12.984339284822198
144,45,17.257836136611093
144,60,21.101437006793745
144,75,26.08120992954069
144,90,28.65615435187169
145,0,4.514234213206265
145,15,8.305680137650947
145,30,13.304508873478499
145,45,17.673453953652718
145,60,20.633594246732795
145,75,26.93162184082695
145,90,28.751436998021685
146,0,3.7039178781448117
146,15,7.419249626486465
146,30,11.360113011548135
146,45,14.528074859064954
146,60,18.630939259262075
146,75,21.06609677428516
146,90,25.037506879463496
147,0,3.617523635228557
147,15,7.502152448702325
147,30,11.162305670653236
147,45,15.385133638675317
147,60,17.90412339365802
147,75,22.760286789965303
147,90,26.882046515906072
148,0,3.3803951663304965
148,15,7.174176646502288
148,30,11.043858585762225
148,45,15.01797177112935
148,60,19.44430157598126
148,75,24.068024177327334
148,90,25.543040796056097
149,0,2.927595402989483
149,15,5.83962035552558
149,30,9.155763031790904
149,45,12.724209147813697
149,60,16.10292321346341
149,75,18.772410648682246
149,90,20.829451299508246
150,0,3.116821705311999
150,15,6.753220892811542
150,30,10.840651815558084
150,45,14.993357602823583
150,60,17.810294314359606
150,75,21.617298960797054
150,90,24.292708903506075
151,0,3.6893731882071137
151,15,7.663871469605795
151,30,11.224642306799462
151,45,16.065326722193387
151,60,17.820990080589308
151,75,23.12294834302144
151,90,28.167293504484643
152,0,3.9615933500555394
152,15,8.102073207298515
152,30,13.489950086478785
152,45,16.42063238291726
152,60,19.214716529999478
152,75,24.171128964606556
152,90,25.086405663242576
153,0,4.530236744179872
153,15,8.737739532292602
153,30,12.577966494570736
153,45,17.911107763722875
153,60,20.92782155802359
153,75,25.56309262763463
153,90,28.78888087710549
154,0,2.8584612807155305
154,15,6.902049777739411
154,30,9.417562619983928
154,45,14.274680289881932
154,60,17.136335775727737
154,75,20.342029397330574
154,90,23.7158479085409
155,0,3.7164391431067942
155,15,7.865608161173531
155,30,10.710338462975638
155,45,15.49904391114361
155,60,20.555410052205676
155,75,23.62304927743219
155,90,25.086428384112413
156,0,4.2412899752441495
156,15,8.37315189134122
156,30,13.426518477122643
156,45,17.602447446726558
156,60,20.787800536015
156,75,26.32732518201621
156,90,28.477573943002724
157,0,3.6954874758191254
157,15,7.016784013724399
157,30,11.195139200776998
157,45,16.794520561224783
157,60,19.371512813608952
157,75,23.300009318250915
157,90,27.072664269185022
158,0,4.167438893024909
158,15,9.043457391848476
158,30,13.26798100177692
158,45,18.166749565997225
158,60,20.526669600748082
158,75,25.230007979401982
158,90,26.143040184041286
159,0,4.190510779351853
159,15,8.9061299967204
159,30,11.861464478807866
159,45,16.759132764496428
159,60,19.623532811480686
159,75,24.056770614501616
159,90,27.464494684743244
160,0,2.8015840260220766
160,15,6.283974756730672
160,30,9.963987711675017
160,45,13.565514773121267
160,60,18.53070766755855
160,75,19.866359344709853
160,90,25.532436912837472
161,0,4.29984397587632
161,15,8.946831169958894
161,30,12.374598906403527
161,45,16.289212358373
161,60,20.74529004466132
161,75,26.791394187992793
161,90,29.678662249717412
162,0,1.7243215531040854
163,0,4.419141535716817
163,15,8.41682506437722
163,30,13.080629393594062
163,45,16.237207109230546
163,60,21.934826880860665
163,75,26.016499009177004
163,90,29.084150628400153
164,0,3.810635788368031
164,15,7.505380420486608
164,30,11.398898784875731
164,45,16.267950566750045
164,60,21.15286224527355
164,75,23.03966952297167
164,90,28.797795609000733
165,0,3.870376589744284
165,15,7.094070651048426
165,30,11.650550049417967
165,45,15.971197794182736
165,60,19.10998369017256
165,75,22.77263676944519
165,90,26.88166227181656
166,0,5.100841557090197
166,15,9.625536176145085
166,30,13.824559831834353
166,45,16.70888131431077
166,60,20.58580627041945
166,75,26.307549853540923
166,90,32.40907654405162
167,0,4.476670810552266
167,15,7.623565990317228
167,30,12.664479372538615
167,45,16.764144844074178
167,60,22.78015252439357
167,75,25.055855005080264
167,90,30.523207891317067
168,0,4.290579192441388
168,15,8.51307866337473
168,30,11.5241340266725
168,45,17.349050697696647
168,60,21.178260670584947
168,75,25.83378850465061
168,90,36.55716149574309
169,0,3.6807720080081126
170,0,2.8378508818553168
171,0,3.695488371356987
171,15,6.867857314793804
171,30,12.56387466321442
171,45,15.453028454013019
171,60,19.94219213646177
171,75,23.575383053681573
171,90,26.842530223013185
172,0,3.02473977289535
173,0,4.634952252175703
173,15,8.682253364268234
173,30,13.34616978352718
173,45,16.346458349046866
173,60,22.47998377510034
173,75,25.408176750307277
173,90,28.167238028867306
174,0,3.94733576491149
174,15,7.835281458336578
174,30,12.72526431923738
174,45,15.751820015245073
174,60,20.56856652798506
174,75,23.251091928574695
174,90,29.734695564110872
175,0,4.398315743322826
175,15,8.866300997345837
175,30,13.752419753186334
175,45,16.86951605182644
175,60,21.876093686814087
175,75,25.532266684165428
175,90,31.992646877750488
176,0,2.3951085478403087
177,0,3.4075508434588797
177,15,7.028273411349791
177,30,11.597000761187472
177,45,14.97319106288728
177,60,18.95135387554923
177,75,23.046565982837855
177,90,27.287787095074215
178,0,4.074140216921929
178,15,8.130859240109073
178,30,12.389559491713191
178,45,17.52500200388425
178,60,21.48498232427038
178,75,25.794924016863003
178,90,27.84484448423724
179,0,1.9562539110989499
180,0,3.2312708498382947
180,15,6.357366113733689
180,30,10.673605314830777
180,45,14.289548539276861
180,60,18.62601105665775
180,75,19.762637420121894
180,90,23.652893367130584
181,0,4.313481925616703
181,15,7.470395206312584
181,30,11.708794342855272
181,45,16.433129278841832
181,60,19.03538993414141
181,75,24.200039195696235
181,90,26.755318645630815
182,0,3.9001819071926986
182,15,8.077158815403953
182,30,11.407317166770222
182,45,16.112122474650707
182,60,17.059411958741535
182,75,23.890357614539653
182,90,25.184133839266547
183,0,3.090817133533484
183,15,7.370410125907699
183,30,11.106967879248572
183,45,14.85088901563903
183,60,19.866154024719034
183,75,20.80646734235248
183,90,29.16690989003754
184,0,2.919595594009612
185,0,2.337171842714952
185,15,5.9084317581980885
185,30,8.627254716614134
185,45,12.778951107866044
185,60,14.0370463163544
185,75,17.2204807319947
185,90,20.44819017160842
186,0,4.431292051713591
187,0,3.5240709270537764
187,15,7.2541092695115035
187,30,10.852625367859911
187,45,16.222469985046285
187,60,19.009787399142315
187,75,23.7007467319311
187,90,26.092248567885267
188,0,4.729099642834126
189,0,3.921054976283938
189,15,6.8893018431209505
189,30,11.423217597223204
189,45,13.578619597760143
189,60,18.576543000971107
189,75,20.42339901166752
189,90,29.68541453217202
190,0,5.1030464440795615
190,15,9.870910776821862
190,30,13.979513769350897
190,45,19.251975585050804
190,60,21.886280933218202
190,75,27.91395824551478
190,90,31.938179345802396
191,0,4.26203126290573
191,15,8.524048506966471
191,30,13.236632662371
191,45,17.268916174036242
191,60,21.190004502264713
191,75,22.752026475179946
191,90,27.437601889869036
192,0,4.096263474600591
192,15,8.15708151798911
192,30,12.362263952737216
192,45,15.603502901352527
192,60,22.983650930959364
192,75,26.75097374672937
192,90,29.86345662160775
193,0,3.390900558288846
194,0,3.798312771294524
194,15,7.846021040019014
194,30,11.727659132955644
194,45,15.166653381943476
194,60,19.955059957342126
194,75,24.254487546601634
194,90,25.61801869498366
195,0,4.098193723728357
195,15,8.338537604267783
195,30,12.23689278273925
195,45,15.04340759562277
195,60,19.661301431243224
195,75,24.069883275309106
195,90,32.24716459251876
196,0,4.577652604285255
196,15,9.048931692679886
196,30,12.3942453561548
196,45,17.689916257969774
196,60,20.017743340673558
196,75,27.350876560705984
196,90,29.22584668613564
197,0,3.2291554429332474
197,15,7.04122790189038
197,30,11.611643643256661
197,45,13.84220175434959
197,60,17.203738486254938
197,75,21.660712878168265
197,90,28.24263611459883
198,0,3.7031702703601406
198,15,7.0990441385730865
198,30,10.2217920402191
198,45,15.348933341337743
198,60,20.227911074701748
198,75,25.328289944286894
198,90,26.792028237150408
199,0,3.7586596570786504
199,15,7.605115466415145
199,30,12.370037497357977
199,45,14.425890616170255
199,60,19.394055124136973
199,75,24.06165572284233
199,90,28.63530167419753
200,0,3.3891262458083578
200,15,7.086189831384436
200,30,11.200396516008057
200,45,13.275302535811463
200,60,18.30685852157231
200,75,23.503948572825863
200,90,24.952309524892247
201,0,3.2879065878353972
201,15,7.177380717641943
201,30,11.251534665951363
201,45,14.638674346265377
201,60,18.92669932708439
201,75,21.27996364956741
201,90,26.103907578501428
202,0,4.677046283167094
202,15,9.199161501206335
202,30,13.324376749567708
202,45,17.101152767583624
202,60,22.037455167329913
202,75,27.08711433322036
202,90,26.583338227499528
203,0,3.6367579505750838
203,15,8.061756011188669
203,30,11.405081105934913
203,45,15.858320307691827
203,60,20.7380685303045
203,75,21.582982314458647
203,90,26.15045640711927
204,0,3.32028038163826
204,15,7.083349590245087
204,30,10.667509291373594
204,45,16.206361742594382
204,60,17.953565210880267
204,75,21.92756501930976
204,90,26.954904777052636
205,0,4.742293152967305
205,15,8.574139201144362
205,30,13.143234010340285
205,45,17.880510605044257
205,60,21.614636858739185
205,75,26.125769503782504
205,90,29.57915642027897
206,0,3.4716217641360942
206,15,6.424940755614456
206,30,10.730751315143024
206,45,15.38340782880283
206,60,17.676276205729238
206,75,21.51754697350975
206,90,26.032078036547258
207,0,4.170443123455602
207,15,7.804421616011494
207,30,13.312341570895928
207,45,16.710530311972175
207,60,22.354029385676252
207,75,23.805970223201452
207,90,32.320655302407665
208,0,2.265780317218574
208,15,5.754116980881103
208,30,8.920985885240103
208,45,11.989650332121325
208,60,14.752045936171841
208,75,19.860190684422577
208,90,21.633850647430897
209,0,3.5169817490658786
209,15,6.6816406398806745
209,30,10.80995779329012
209,45,15.187527152885428
209,60,19.572525480829913
209,75,23.113702058945673
209,90,29.382644858502736
210,0,3.302648466366602
210,15,6.409261442861455
210,30,11.118424646714232
210,45,13.596997147690859
210,60,19.558200793082097
210,75,22.525166121651388
210,90,27.303694154071106
211,0,3.4068000532848584
211,15,6.595485909705991
211,30,11.121936966612278
211,45,14.7431704826839
211,60,18.108230158622106
211,75,20.861755297993856
211,90,25.641776126993598
212,0,3.533649580169044
212,15,7.196878198424713
212,30,11.855876418764506
212,45,16.549807850706028
212,60,20.38248314568407
212,75,22.21876051327397
212,90,27.84284086142857
213,0,3.4362425474746816
213,15,6.84063487374495
213,30,11.553723070066924
213,45,15.49554831452724
213,60,17.178753659253267
213,75,21.373790519242
213,90,26.377672173953144
214,0,4.9861257983348715
214,15,9.24412680353851
214,30,13.112904860702745
214,45,18.395648595616592
214,60,22.745141592092907
214,75,26.594956620500408
214,90,29.842937960044672
215,0,3.4988939698191097
215,15,7.839305785277997
215,30,12.213524026806196
215,45,14.93731646686757
215,60,18.595197034494642
215,75,23.830832258912807
215,90,26.414548762961587
216,0,3.3343871280375117
216,15,6.785106029522332
216,30,10.7271735332511
216,45,12.466052379828486
216,60,18.695925711949407
216,75,20.962114883118783
216,90,23.605021641065004
217,0,3.4830401391923447
217,15,6.998002137213313
217,30,10.563452722801687
217,45,12.877655319467884
217,60,19.202542170800616
217,75,21.290111852890806
217,90,25.602066331066208
218,0,3.0134666119421536
219,0,3.7499229617600234
219,15,8.127590177096199
219,30,11.232276135743218
219,45,16.108120754144586
219,60,19.49772874012495
219,75,24.95323006657635
219,90,23.8444135652778
220,0,2.6981631249115168
221,0,3.0367605540492364
221,15,6.413976786002844
221,30,9.557359547657066
221,45,13.598235691903312
221,60,17.178751476065994
221,75,19.132122014829108
221,90,22.215407902612185
222,0,3.6336827534080887
222,15,7.5604436434122295
222,30,11.11062725467342
222,45,16.15443541067816
222,60,19.13874140370956
222,75,19.43864827829761
222,90,26.76089090479231
223,0,4.846344284479761
224,0,3.3144381994787153
224,15,6.407006662825109
224,30,9.470275281177791
224,45,12.915298266298196
224,60,17.422995985216698
224,75,22.660120651342247
224,90,24.88981823519062
225,0,2.8878798698635286
225,15,6.396696670438089
225,30,10.616158292619842
225,45,13.794131277831937
225,60,17.167158671717235
225,75,20.01321162803459
225,90,22.125180343127205
226,0,3.892022698180525
226,15,7.411909389232234
226,30,11.318897286880908
226,45,14.839790965782203
226,60,18.15955022591734
226,75,20.938893477648293
226,90,27.052919009522665
227,0,3.833495358612436
227,15,7.347667297550422
227,30,12.294540329265693
227,45,15.197033842641757
227,60,19.18871396430511
227,75,21.94246233959094
227,90,27.086193032376396
228,0,3.3579696088520494
229,0,3.0187270715567287
229,15,7.186342572594289
229,30,10.85637116018681
229,45,15.08493746717811
229,60,18.692044479124302
229,75,20.410877167520393
229,90,25.12047573535286
230,0,3.5354736613268525
230,15,7.170537767487236
230,30,12.104221558543136
230,45,14.489728187861946
230,60,20.20663470579801
230,75,24.481378289218508
230,90,30.56412362488995
231,0,4.1971323398109135
231,15,8.175811459640968
231,30,12.843444859480545
231,45,18.268749027131395
231,60,20.12575544270142
231,75,22.75656650504475
231,90,25.553951988741193
232,0,2.1728552884153753
233,0,3.683214991216763
233,15,7.947325033219147
233,30,10.680183045116554
233,45,15.368177169931856
233,60,20.067674720833153
233,75,23.8657401001302
233,90,28.380074974147654
234,0,3.432179258851258
234,15,7.4288965633619695
234,30,11.9122341510406
234,45,14.470711215781764
234,60,18.382515978706596
234,75,21.905163752459583
234,90,28.42595677672935
235,0,3.732704211600975
235,15,8.085171588869335
235,30,11.965459820209457
235,45,16.59017091053705
235,60,18.534274383689493
235,75,26.051980750911106
235,90,30.54956324265041
236,0,2.7448737814928093
236,15,6.36145453152857
236,30,10.322394153253544
236,45,11.529208359269953
236,60,15.525533380750487
236,75,18.36388713761631
236,90,24.050383337130953
237,0,3.592089090510801
237,15,7.138410694653202
237,30,11.898715038641651
237,45,16.458607976368143
237,60,20.129385614209163
237,75,23.77510956753926
237,90,25.51028377276386
238,0,3.4808399249239854
238,15,6.6984086073354145
238,30,11.224980314281655
238,45,14.69362388518694
238,60,17.638177990132267
238,75,20.645509027785767
238,90,21.028607224531115
239,0,3.8882207776386126
239,15,7.515269813612124
239,30,12.968719772577304
239,45,15.099289188536577
239,60,20.26672352904638
239,75,25.522578140126512
239,90,25.845411241583875
240,0,3.5664860804583385
241,0,3.2639304940071963
241,15,7.19545457816528
241,30,11.46687848479202
241,45,14.85052994699643
241,60,21.61685686007705
241,75,20.237692266412505
241,90,28.37765316350533
242,0,2.339324758252696
242,15,5.853441505248223
242,30,9.901745026536597
242,45,13.404664725662077
242,60,15.921139001094105
242,75,20.566998541804328
242,90,20.39299163802072
243,0,3.3682799020788337
243,15,7.12003581042628
243,30,10.553296384087906
243,45,14.377760436216036
243,60,18.505969415078706
243,75,21.457304032822268
243,90,24.73514915244755
244,0,4.5519674205430976
244,15,8.452472548180356
244,30,12.675167144983615
244,45,18.14912069866045
244,60,22.994602654329228
244,75,25.448548194156803
244,90,30.11061385993923
245,0,4.409577130502599
246,0,4.1787477348558495
246,15,7.583064758440046
246,30,12.301920745824205
246,45,15.937047893402655
246,60,21.18681607708768
246,75,21.749536388064488
246,90,26.031179044412678
247,0,3.6585517794475795
248,0,4.137438209574092
248,15,8.349319325435502
248,30,12.713920729810196
248,45,16.344773560968743
248,60,19.73485361910174
248,75,25.970221001687204
248,90,30.198927407516788
249,0,2.8270179104377324
250,0,3.400403996674873
250,15,6.9416511729565435
250,30,11.900958508584303
250,45,15.949161657849798
250,60,19.137423564886646
250,75,23.01178368349384
250,90,27.826138067254075
251,0,4.161335157997398
251,15,7.952235336212915
251,30,12.433652517030612
251,45,14.9860587303534
251,60,21.566000587188924
251,75,22.630259827095244
251,90,31.71306512498636
252,0,4.26233922923478
252,15,7.916743961201687
252,30,11.720381492777873
252,45,15.158337453634816
252,60,19.10430678249574
252,75,25.154970861751302
252,90,22.36210382726749
253,0,3.3040943655422277
253,15,7.67546745142277
253,30,11.221196450103447
253,45,14.042688599833753
253,60,17.695773337926177
253,75,24.993216210053653
253,90,24.782276495624185
254,0,2.968404595651671
254,15,6.287197024363755
254,30,11.097059866597784
254,45,14.525419567045464
254,60,17.096932440955005
254,75,22.122481246567272
254,90,23.693890403090165
255,0,4.541554888573579
255,15,9.215176402861173
255,30,13.574862820235511
255,45,17.654658782435707
255,60,21.879109500463006
255,75,28.204874028541045
255,90,29.995773393674238
256,0,3.111081401493599
256,15,6.086505122818531
256,30,10.21995843068645
256,45,14.938438773752246
256,60,15.832706931880303
256,75,19.799667820084867
256,90,24.511453094669765
257,0,3.599376454182843
257,15,7.538076657910447
257,30,11.011478810164268
257,45,16.29216220871449
257,60,21.797336266586466
257,75,23.671390749265377
257,90,25.685727735700357
258,0,3.424104474952408
258,15,6.724659611792187
258,30,11.371854750221464
258,45,15.94610957631386
258,60,19.53611705383227
258,75,22.956915842102283
258,90,25.777339974056524
259,0,2.856635205268882
259,15,5.790861677368295
259,30,10.011904513698068
259,45,13.605091315515427
259,60,14.733105501789298
259,75,21.87911392447366
259,90,24.090610333406776
260,0,2.7308610108413163
260,15,6.603293883442481
260,30,8.685944947295464
260,45,11.713413407922307
260,60,15.876442092254145
260,75,20.05186085453244
260,90,25.99967835277057
261,0,4.386648888108772
261,15,8.859191129118999
261,30,12.653252894621154
261,45,16.2305152118489
261,60,22.42112813610377
261,75,24.02407383610219
261,90,32.575283713033365
262,0,4.340024032857324
262,15,8.410647254951972
262,30,13.52583919009094
262,45,17.37827084772189
262,60,20.928774124686278
262,75,24.52723346468528
262,90,28.801387718910256
263,0,4.133927755263701
263,15,8.421863453023112
263,30,12.414148598134409
263,45,16.06394946415122
263,60,20.44624912775722
263,75,24.84417242118507
263,90,24.916839640070965
264,0,3.5763868375611096
264,15,7.333752067121684
264,30,10.22602964066076
264,45,13.473968999041944
264,60,16.172584289738555
264,75,18.96946670103663
264,90,22.53630526441337
265,0,3.1282250838412686
265,15,6.668992733921707
265,30,11.774344021868089
265,45,14.202364894274387
265,60,18.58280779248996
265,75,22.77789930582448
265,90,26.28150082925487
266,0,3.9649804087905802
266,15,8.004142509310073
266,30,11.486400209538653
266,45,17.225385249204532
266,60,22.080273487037793
266,75,21.970751005989047
266,90,26.48749225147382
267,0,2.9826123339467294
268,0,2.9481757683790017
268,15,6.228036114795042
268,30,9.228736702036137
268,45,13.483358986175608
268,60,15.765576617987081
268,75,22.908475781978364
268,90,25.48740705099686
269,0,3.6224387103253233
269,15,7.672428485420538
269,30,12.086511505902378
269,45,16.324411357277164
269,60,18.916018549856496
269,75,22.32019444382574
269,90,27.567393055404754
270,0,3.31179953279673
270,15,7.1478135413974435
270,30,10.380727125112367
270,45,12.664096662725315
270,60,16.489754120802786
270,75,20.70155326348965
270,90,24.16305732382806
271,0,3.8121097283363787
271,15,8.608321666079968
271,30,11.143281795098725
271,45,16.24956068417013
271,60,21.420573062473792
271,75,27.09137521655434
271,90,27.205772006451536
272,0,3.8561102777077148
272,15,7.710419896668775
272,30,11.474152628884978
272,45,14.983333783020797
272,60,18.402949989697014
272,75,22.772008111323522
272,90,21.142453519925184
273,0,3.26880323592656
273,15,7.396588090312393
273,30,11.055277094374516
273,45,14.689431848096225
273,60,20.792343684686653
273,75,21.632724913666223
273,90,25.686958480824064
274,0,3.664153548603824
274,15,8.423424656548493
274,30,11.192747336927027
274,45,15.203058162218277
274,60,19.431661959773717
274,75,24.730406025806516
274,90,27.924064574694338
275,0,3.7436930257823757
275,15,6.865522672549119
275,30,10.724955083636088
275,45,14.187684784907663
275,60,18.177616594077797
275,75,22.476864989382456
275,90,26.286021120583406
276,0,4.7447818210093065
276,15,8.352611763643141
276,30,13.901353757188
276,45,17.838197873265237
276,60,23.366127587940944
276,75,26.88013055800279
276,90,32.60283657063722
277,0,3.5471921507886677
277,15,7.674080043009901
277,30,12.131057415299956
277,45,15.75829679761136
277,60,19.22427556451812
277,75,26.43045202959358
277,90,28.85685669842607
278,0,2.9734168535946557
278,15,6.595158474566448
278,30,9.108043017206642
278,45,12.230468999168782
278,60,16.85911115141913
278,75,20.161059134214113
278,90,22.219440444799655
279,0,2.884230488134807
279,15,6.3097178585899725
279,30,10.445559360504884
279,45,13.499204721505102
279,60,15.20528175564796
279,75,19.58039310256309
279,90,21.616657377200223
280,0,4.458798767803979
280,15,8.524589264218486
280,30,12.680376601244387
280,45,16.76542461143966
280,60,20.05330299432914
280,75,25.36934415439714
280,90,28.727512421683624
281,0,4.458557533669932
281,15,7.528757390186691
281,30,13.954394266531084
281,45,17.90061731327996
281,60,20.946254170400106
281,75,25.572583678397166
281,90,27.59640055173832
282,0,4.04096573650446
282,15,8.797413584598388
282,30,13.205811004039912
282,45,16.431437852337208
282,60,21.450714108564917
282,75,24.746355108610864
282,90,26.121762000292023
283,0,4.748497273280554
283,15,8.891748969087288
283,30,13.425758420081067
283,45,17.332597723144058
283,60,21.7443965024916
283,75,26.14404546566787
283,90,30.426167144134453
284,0,3.7385659688505584
284,15,7.760603668283907
284,30,11.193726265855984
284,45,15.223438632698308
284,60,18.438851128009595
284,75,25.107208228773025
284,90,23.852537870376967
285,0,4.220310013252276
285,15,8.818225901693756
285,30,13.228776543122777
285,45,16.439508099616923
285,60,18.158159323197257
285,75,24.447951167726213
285,90,28.97812733872206
286,0,3.723366784100689
286,15,6.949559183192072
286,30,10.701190684426845
286,45,15.69878840896724
286,60,18.887416206694954
286,75,20.546731901075535
286,90,22.49986853173038
287,0,3.5541209254780886
287,15,7.372275420391022
287,30,11.336307478100547
287,45,15.752574169246772
287,60,18.79482737827467
287,75,23.997139222740476
287,90,30.81157356545007
288,0,3.3387949077507484
288,15,7.539837947199976
288,30,11.077226123613633
288,45,14.850926233212785
288,60,18.502731110635445
288,75,24.390045872539442
288,90,25.468095866692188
289,0,4.358579260412748
289,15,8.563865266228234
289,30,12.760179065965625
289,45,16.55750705499586
289,60,19.71353439922588
289,75,25.745921001899788
289,90,29.371164581223237
290,0,3.5606580259612253
290,15,7.329782950945583
290,30,10.431359349877724
290,45,15.165345690965788
290,60,16.96206097954932
290,75,23.809234460161296
290,90,21.766714929509146
291,0,4.301865045168304
291,15,8.642709500670245
291,30,12.888623258241376
291,45,16.23676471156264
291,60,21.41557026952897
291,75,26.935326095003646
291,90,25.224107273666235
292,0,3.7379021968045416
292,15,7.936181238779807
292,30,10.45245359105006
292,45,15.041907191374305
292,60,21.39970397061929
292,75,22.935108828874082
292,90,25.574448216896123
293,0,3.210480104420099
293,15,6.976098525227128
293,30,11.965186441789994
293,45,13.411942569173817
293,60,17.51422448622422
293,75,24.510126020141893
293,90,29.706093627921085
294,0,4.693839694230782
295,0,4.24164393577307
295,15,8.353626553657966
295,30,11.906453067598148
295,45,18.218610016780474
295,60,22.47263309031244
295,75,25.948977730735116
295,90,27.653658674630368
296,0,2.670547513147961
296,15,5.957508608597452
296,30,9.20002331249691
296,45,12.82890747082742
296,60,17.37038932435904
296,75,20.42522416511946
296,90,20.514387294392492
297,0,3.235648648728622
297,15,7.250471019604861
297,30,10.348822776972593
297,45,14.160855134582096
297,60,18.629410234136216
297,75,19.06717244124853
297,90,24.023538895833184
298,0,3.0770101598766253
298,15,6.67196017522392
298,30,9.873155552697115
298,45,14.737684037529156
298,60,20.842838179172738
298,75,19.531750538587723
298,90,25.835909317213034
299,0,3.2998343376972126
300,0,3.111127514737574
300,15,6.800345085396466
300,30,10.051394427769145
300,45,13.344124439927482
300,60,15.54361056291941
300,75,20.626780337435665
300,90,22.34114368378575
301,0,3.3569539248294573
301,15,6.011320767828362
301,30,10.998332260325896
301,45,14.588042176561451
301,60,17.457820627756742
301,75,21.23618041982658
301,90,26.416959313046274
302,0,3.889790890969799
302,15,8.024594523832153
302,30,12.450741162178357
302,45,15.81492809720908
302,60,21.411390094350402
302,75,24.570904029347485
302,90,28.530410590386307
303,0,3.7673607342808846
303,15,7.2801283614862715
303,30,11.936037699571967
303,45,15.194818079950206
303,60,19.15927284344731
303,75,22.68367075296228
303,90,25.856075431972915
304,0,4.354849920978111
304,15,9.373507030119855
304,30,13.415618388925655
304,45,18.306481288912998
304,60,19.857393222937024
304,75,25.386286271071274
304,90,27.080590672111136
305,0,4.1362868506013655
305,15,7.984692412212926
305,30,11.903693352863622
305,45,17.397643420812727
305,60,20.216997565252882
305,75,26.227545032560922
305,90,29.979226827422583
306,0,4.0999409674476075
306,15,8.737181768922932
306,30,10.805526032627315
306,45,16.217831936995882
306,60,20.20541834662548
306,75,21.420233535698063
306,90,28.373031381328648
307,0,3.7035403346434865
307,15,7.451259212221806
307,30,10.818135134453652
307,45,13.954373407767925
307,60,17.43669412724233
307,75,24.636506003244136
307,90,25.40117615207311
308,0,3.3898094180232006
308,15,7.218086494029983
308,30,10.02506372164222
308,45,13.390244508233392
308,60,18.57759860905515
308,75,19.121363317315456
308,90,23.75332089984021
309,0,3.5323359070230387
309,15,7.485364081799908
309,30,11.469279962187557
309,45,15.221595591707061
309,60,19.693555772898208
309,75,24.195064027737388
309,90,28.52961999876427
310,0,4.054733358847919
310,15,7.765046874774064
310,30,12.10075990689346
310,45,17.210196456671827
310,60,21.34997136349886
310,75,22.62627066047532
310,90,29.28349122042575
311,0,2.7047259085695194
312,0,3.232256814715078
312,15,5.932128969791135
312,30,10.205860602941984
312,45,15.032169035099482
312,60,16.167274063149705
312,75,19.444542465145247
312,90,25.493774177112012
313,0,4.469405240443751
314,0,3.4576837420065267
314,15,6.3957249378180405
314,30,10.215370555103174
314,45,14.517018934559173
314,60,16.982046953930134
314,75,20.84081778948105
314,90,26.088258041701096
315,0,2.6822806489777022
315,15,6.157070393056166
315,30,9.439505209783615
315,45,12.365469580586858
315,60,16.297246228274386
315,75,19.058506975972097
315,90,23.387326195500272
316,0,4.342991058087516
316,15,8.331256665675895
316,30,12.614458389510597
316,45,16.173963610766073
316,60,21.03898925761953
316,75,24.12883477666865
316,90,27.37938902984536
317,0,4.28364365670067
317,15,8.550045703287566
317,30,12.723745401580864
317,45,17.346506405568988
317,60,20.50570504900679
317,75,25.67698268693283
317,90,30.293177747468157
318,0,5.019091838397561
318,15,9.579022464650869
318,30,13.363959205321656
318,45,18.284563017601975
318,60,22.932211345463536
318,75,26.957719629107455
318,90,27.47347347952666
319,0,3.740290197056133
319,15,7.805235692229253
319,30,12.887605352311724
319,45,15.485522904557842
319,60,19.008426717370586
319,75,24.2703022382387
319,90,28.33071224112033
320,0,3.5984101085828617
320,15,8.025087747612483
320,30,10.867557626512985
320,45,16.007229889424305
320,60,20.03676466782128
320,75,23.198204674214892
320,90,27.98211984218714
321,0,2.2731587904268227
322,0,2.9160985392104033
323,0,4.275153795986788
323,15,8.840904115075514
323,30,13.050942353260229
323,45,15.934103211121444
323,60,21.75916584103901
323,75,24.99785951463005
323,90,29.38524771009171
324,0,4.605306686290962
324,15,8.895567513653916
324,30,13.050865153853106
324,45,18.25407063935545
324,60,21.566561450660085
324,75,24.35523168706083
324,90,29.4468284880707
325,0,3.747775390731264
325,15,7.8220967720347465
325,30,12.391534930390165
325,45,16.198016888977307
325,60,18.90039499288262
325,75,27.227994444206285
325,90,28.263605419356804
326,0,3.0655891384049947
327,0,3.4850260815565903
328,0,4.380939151304095
328,15,9.074748935744939
328,30,12.691116851404981
328,45,17.350469839889232
328,60,22.011525779129386
328,75,27.047668852118242
328,90,31.50276098860118
329,0,2.9863234329047126
330,0,4.219184491367392
330,15,8.706550330472858
330,30,12.347900375070871
330,45,16.241934653179904
330,60,21.140356849837865
330,75,26.24656446242647
330,90,28.68168327939198
331,0,4.587598814891215
331,15,9.261070812596714
331,30,13.85067675566047
331,45,16.69210508196508
331,60,20.761848010567792
331,75,25.673641746918115
331,90,30.69436011784542
332,0,4.0505470849699226
332,15,7.940255796735471
332,30,12.939513386699902
332,45,16.643487936043734
332,60,20.471308085978585
332,75,22.528060291707774
332,90,26.1872725775249
333,0,2.398383853500381
334,0,4.438937659765453
334,15,8.760680914055463
334,30,11.760459182111392
334,45,17.80814367554631
334,60,21.124873109705472
334,75,30.010648532099637
334,90,33.97867051098308
335,0,4.35560129976249
335,15,8.471214137569293
335,30,12.674021294978806
335,45,17.637439067200205
335,60,22.833881679560818
335,75,23.0094128111411
335,90,26.170889028428803
336,0,4.786829272581478
336,15,8.85924775551379
336,30,13.720007920770197
336,45,18.095208971022817
336,60,23.138625378912838
336,75,24.69749412114531
336,90,26.39825581673572
337,0,3.6061391289943225
337,15,7.529036427519294
337,30,10.351921198692212
337,45,12.90326064340745
337,60,18.100987558846217
337,75,22.644183988590132
337,90,24.90138386675974
338,0,4.457457226792023
338,15,8.495370443574823
338,30,12.809594409591854
338,45,16.84049622816428
338,60,19.955891335136617
338,75,24.549045791501708
338,90,30.725248059293225
339,0,3.7877168194507957
339,15,7.9300226273251635
339,30,11.907177810870797
339,45,15.115179307612811
339,60,19.66844878795382
339,75,20.839543192327348
339,90,28.2157889226502
340,0,2.949017094051415
340,15,7.273358157827154
340,30,9.716792415593842
340,45,13.818334915542316
340,60,18.342429498601746
340,75,23.51608206804012
340,90,24.70803232318869
341,0,4.535471358748906
341,15,8.504981387411103
341,30,11.999477217083275
341,45,17.3323882253713
341,60,23.574147630060402
341,75,26.124668923106444
341,90,29.938103693007072
342,0,4.012057093783831
342,15,8.221823126969383
342,30,12.173560481347353
342,45,15.673473058300686
342,60,21.183526853930097
342,75,24.744327520790105
342,90,28.546344378671996
343,0,4.121801223186226
343,15,7.8563232294581145
343,30,13.028361055264254
343,45,16.953331814420338
343,60,20.025826506352942
343,75,26.09870931267293
343,90,27.9005373739088
344,0,3.5475255202153764
345,0,3.7287647071509755
345,15,7.421109418062778
345,30,11.333510254076746
345,45,14.440628242597988
345,60,20.20268377582399
345,75,21.17356847885657
345,90,25.44792009218107
346,0,3.139988744389647
347,0,3.58534888774137
347,15,6.728014917174689
347,30,11.452088879110898
347,45,15.343180553011498
347,60,19.07562640295821
347,75,21.912451594270212
347,90,25.150344441818053
348,0,2.3537895100630717
349,0,3.3968412681640827
349,15,7.47777184516905
349,30,10.910494197679816
349,45,15.323358192625463
349,60,18.093047959068024
349,75,23.144082154099962
349,90,29.20221991989415
350,0,3.4084472136856525
350,15,7.540562982945189
350,30,11.000435069151862
350,45,15.302518959510788
350,60,18.773907609336053
350,75,22.932084624580963
350,90,26.221271751845094
351,0,3.8412198764672514
352,0,2.4212242502675347
353,0,3.645395461475068
353,15,7.554649477612477
353,30,11.702214304115099
353,45,14.846066319605715
353,60,18.507059874472006
353,75,21.581100266272568
353,90,24.526605748798328
354,0,3.073921797204708
354,15,6.024329281913101
354,30,10.010663837376335
354,45,12.70818046595733
354,60,17.304802659151974
354,75,20.258114460025755
354,90,19.995248237312786
355,0,3.1624137651771274
355,15,7.247669998550427
355,30,11.238774657839121
355,45,13.928035714581275
355,60,18.904505018666256
355,75,21.114074365881685
355,90,26.31544873948038
356,0,3.8575130395737083
356,15,7.399505075388459
356,30,11.005582529508402
356,45,15.691732312720646
356,60,19.880737591682742
356,75,23.490345025320615
356,90,25.89057997809465
357,0,4.206598314118844
357,15,8.19195067568647
357,30,12.629692924756863
357,45,16.599989349986963
357,60,20.960059005503993
357,75,23.983918797998307
357,90,31.226153421757658
358,0,3.42401533413059
358,15,6.870552044219144
358,30,11.490330688103748
358,45,16.002500177244094
358,60,19.54175696271534
358,75,22.67819211932792
358,90,25.889893399239142
359,0,3.988003569299299
359,15,8.470205636748872
359,30,11.405601999493681
359,45,15.513866692893426
359,60,19.889424124208546
359,75,26.092410402452447
359,90,29.148980120713695
360,0,3.8106558243359707
360,15,7.454701316220249
360,30,11.696723671155354
360,45,15.434861786768531
360,60,19.181824004768377
360,75,25.288927529831444
360,90,25.412111519003233
361,0,3.095796616544768
361,15,7.159641436670828
361,30,10.391193259733686
361,45,14.187888282622742
361,60,16.360097385839477
361,75,20.055824040643493
361,90,21.046899669454632
362,0,2.6931428036935863
362,15,6.175592868700498
362,30,10.324083490525366
362,45,14.696617046809326
362,60,16.319304737710066
362,75,20.624194580262806
362,90,24.540896292911874
363,0,4.233563325505742
363,15,7.836948218965407
363,30,12.839231762384362
363,45,16.15887732794752
363,60,20.63519245908266
363,75,24.354945437853658
363,90,27.673701075834682
364,0,4.054362511614967
364,15,8.147911979119574
364,30,12.135581736323802
364,45,16.073691807416406
364,60,19.698994876844576
364,75,24.9805781125437
364,90,31.69140697923263
365,0,3.5584694741582803
365,15,7.56079948260109
365,30,11.968212236357333
365,45,14.393181105164475
365,60,19.50902363976355
365,75,21.769002774827637
365,90,24.51140341170917
366,0,3.823396505992774
367,0,4.6061103141277115
367,15,8.578356273777901
367,30,13.745591158718018
367,45,18.080371072628147
367,60,21.900497491836273
367,75,23.782267506139128
367,90,29.81398967448991
368,0,4.248419657932766
368,15,8.521111392132443
368,30,12.648165171308037
368,45,15.375247002048718
368,60,19.961366768631883
368,75,24.931874256391623
368,90,30.16771322481855
369,0,2.024092299335347
370,0,2.7404233403787894
370,15,5.20740027922828
370,30,9.310913290608138
370,45,12.825514704881943
370,60,16.912703537158155
370,75,20.34028515567741
370,90,23.780942292856906
371,0,4.034371516453847
371,15,7.81137293959841
371,30,11.22919332214578
371,45,16.020342632392794
371,60,21.4139430251605
371,75,26.42515300860612
371,90,29.890756085321676
372,0,3.7884259414793835
372,15,7.973112212853878
372,30,12.017628658033097
372,45,15.434823197409264
372,60,19.7223091061418
372,75,26.193853277140107
372,90,26.1438603254273
373,0,4.1843273359833635
373,15,8.95208056313973
373,30,12.288542524419153
373,45,17.551160217462325
373,60,19.295258212840903
373,75,25.676201686579216
373,90,27.63309178925032
374,0,4.020970324784704
374,15,7.552948438716476
374,30,12.306461774901184
374,45,17.011710663823017
374,60,19.507110918622967
374,75,22.36629526699049
374,90,28.368804095377506
375,0,3.7007059338578685
375,15,7.656672210244167
375,30,11.964427968409082
375,45,16.359797338569205
375,60,19.60114762019361
375,75,26.234006947733356
375,90,28.056810892192328
376,0,4.109424811472423
376,15,8.086568540061448
376,30,11.502436562819415
376,45,16.257478989568384
376,60,20.218741190738008
376,75,26.009986203506106
376,90,29.641984176646464
377,0,3.6265683169566225
377,15,6.7576192394041685
377,30,10.9015074067763
377,45,14.892339901721147
377,60,19.551948846015534
377,75,22.826530480376125
377,90,26.59195759795478
378,0,4.243562082600912
378,15,8.420164388605457
378,30,12.750327201630242
378,45,17.608659009953698
378,60,19.5008462276177
378,75,24.52260214279202
378,90,27.732721646083505
379,0,3.228136896339669
380,0,4.154279852888261
380,15,8.42906544692247
380,30,13.042462555374126
380,45,16.10032536261492
380,60,18.229272902760247
380,75,24.2120257620616
380,90,30.60190999231934
381,0,3.685731244280534
381,15,7.882022329553397
381,30,11.878399552217653
381,45,15.439894220274018
381,60,18.32826082226039
381,75,24.33144604162872
381,90,26.056626135421443
382,0,2.85907547725118
383,0,3.8799281959987
383,15,8.77934454203899
383,30,12.262647171247753
383,45,15.590893553045916
383,60,19.43426702968537
383,75,23.97047313579284
383,90,27.700720393056127
384,0,2.9361624295370206
384,15,7.134437720480692
384,30,10.554174908293657
384,45,13.688275605411656
384,60,19.901505374889823
384,75,21.809026835208194
384,90,26.923608203246115
385,0,3.6347286002633683
385,15,6.991925131593182
385,30,11.013175501422726
385,45,14.646539084079217
385,60,16.095259473614988
385,75,24.41641269604948
385,90,27.594932333444145
386,0,4.013597180935842
386,15,7.942108169726082
386,30,11.61224945692849
386,45,16.51781681378568
386,60,20.438056459130156
386,75,24.928965572423436
386,90,28.872490289579428
387,0,3.5031815841217595
387,15,7.632413780169776
387,30,12.112865145947248
387,45,15.70791983354961
387,60,18.159849727842765
387,75,25.05418726366256
387,90,30.124045377994257
388,0,4.209577086805
388,15,9.587005767197066
388,30,11.914851421714207
388,45,16.814285924463448
388,60,18.664269242728864
388,75,25.693741959640235
388,90,28.052645291445472
389,0,4.496232650032164
389,15,9.478452048014919
389,30,12.553754505541862
389,45,15.958184332534849
389,60,20.93259369368987
389,75,22.891361143469894
389,90,31.25898541092858
390,0,3.6749767427005233
390,15,6.848645572393623
390,30,11.654665871932137
390,45,14.116042241735254
390,60,19.279312732662234
390,75,25.87447645691262
390,90,28.23713347871769
391,0,2.732845629264726
392,0,3.505404136579891
392,15,6.723823715609259
392,30,10.6025248159093
392,45,14.188330091734018
392,60,18.212396618749892
392,75,19.386299119217245
392,90,25.94138103904126
393,0,3.752170121439076
393,15,6.323601102159712
393,30,10.688031842247888
393,45,14.290124694956875
393,60,18.918656540338397
393,75,21.936919906906336
393,90,22.935784690395284
394,0,2.968754005982163
394,15,6.353591233498481
394,30,10.61265774783762
394,45,14.223308788514307
394,60,17.462482635031083
394,75,21.152724657884573
394,90,26.880422011494744
395,0,3.5545167848924004
395,15,7.298108895986345
395,30,11.401713046412818
395,45,16.966785917653954
395,60,17.89252624593129
395,75,20.709144160789602
395,90,28.68228787757614
396,0,3.5945928560227074
396,15,7.287168847155996
396,30,11.346925846969313
396,45,14.903388052298085
396,60,19.16397414013632
396,75,25.611114346057512
396,90,28.8287976453071
397,0,3.6459828579071294
397,15,7.957481924101668
397,30,10.861855260491874
397,45,14.732780971022715
397,60,16.65476565025217
397,75,22.38856883542766
397,90,29.25865289695343
398,0,3.4898302661346694
399,0,4.455154373059804
399,15,8.874171403645857
399,30,12.773798477703757
399,45,17.088625603118036
399,60,20.620972652446575
399,75,25.82284204399199
399,90,31.17130706160659
400,0,4.497841905394978
401,0,2.9082809038895245
401,15,6.027876183320614
401,30,10.568067418272536
401,45,14.841748998832232
401,60,17.496199361444194
401,75,22.645843944924955
401,90,30.630297253164898
402,0,3.0470649667519054
402,15,6.800316862857612
402,30,10.838512589305799
402,45,13.894332051174112
402,60,18.40781494216628
402,75,22.658207094980135
402,90,26.17224023640509
403,0,2.832825564060039
403,15,6.163292566392083
403,30,10.399141151014213
403,45,15.082460627284362
403,60,18.20832926818852
403,75,22.820829414941745
403,90,24.773439434844747
404,0,3.5037678704235526
404,15,7.728609158658239
404,30,11.510316975756226
404,45,14.607748674781508
404,60,19.552119003144007
404,75,21.779308486104455
404,90,25.919721528649085
405,0,3.6951982400391765
405,15,7.757911299073776
405,30,11.825893391975747
405,45,14.798683118893518
405,60,20.72098832878878
405,75,24.434037670732767
405,90,26.32280746622956
406,0,3.3620305222320446
407,0,3.7231421240018494
407,15,6.74286404925981
407,30,10.892160032544218
407,45,14.265660843054173
407,60,18.325938804141305
407,75,21.327517956563128
407,90,21.741002754826912
408,0,4.103211134905469
409,0,3.755818520397332
409,15,7.610461525681911
409,30,11.611406425250436
409,45,16.235459431716126
409,60,19.072964409019562
409,75,26.125701888103485
409,90,24.259756838406783
410,0,3.9149944850589358
411,0,3.6206019686664486
411,15,8.10032316257241
411,30,11.43706501491263
411,45,16.14234277291533
411,60,19.56645583985923
411,75,25.037386375968232
411,90,26.701065877843355
412,0,4.249323585252358
412,15,7.973827660966757
412,30,13.292844951493823
412,45,16.63144134371493
412,60,21.093763002406472
412,75,26.741672043509904
412,90,27.268988840831902
413,0,3.7984772022553677
413,15,8.051254297840687
413,30,11.532784566102762
413,45,15.76128390144303
413,60,19.95013345976917
413,75,21.8083842484581
413,90,26.474887637097225
414,0,3.2830902551219947
414,15,7.677187547853739
414,30,11.47080985563067
414,45,14.832457791169544
414,60,18.989974077423167
414,75,22.19823815079425
414,90,28.98233197812335
415,0,3.7463489279978854
415,15,7.671782180094537
415,30,11.873943365732956
415,45,16.58893481769898
415,60,18.971639965335342
415,75,25.93518726841956
415,90,24.938423390368836
416,0,4.323858462905139
416,15,9.139292503129193
416,30,12.4856244889397
416,45,16.679374487346436
416,60,19.110978277688645
416,75,24.576723508912227
416,90,27.463161613734655
417,0,3.1530374968004717
417,15,6.740953927236003
417,30,10.733915995889834
417,45,15.325170164413755
417,60,18.667745900218343
417,75,22.710777084651067
417,90,24.081794121677035
418,0,3.171471547381853
418,15,6.282950993168674
418,30,11.013695735292476
418,45,13.007775189822167
418,60,18.681049127164997
418,75,20.115418700012096
418,90,23.914353014534672
419,0,3.4690255507203784
419,15,7.433959570359881
419,30,11.217585299154244
419,45,14.02580944016638
419,60,17.2571424405046
419,75,21.119741252607533
419,90,25.36849296924648
420,0,4.050422237472228
420,15,8.494642852737885
420,30,12.242861007102544
420,45,16.784494817264022
420,60,22.09659465024769
420,75,25.056711470749065
420,90,29.19774004853108
421,0,2.7561081240458805
422,0,3.489576200874442
422,15,6.821542321309831
422,30,9.984111350704092
422,45,15.551767185353311
422,60,19.10066300678822
422,75,22.407534612929755
422,90,27.501344240193173
423,0,2.1103500948121057
424,0,3.1739551280587666
425,0,5.137041334874986
425,15,9.534495608068694
425,30,14.561952598627492
425,45,18.46280891575023
425,60,22.062118930236966
425,75,28.620584686405813
425,90,31.262023248999487
426,0,3.340307704206788
426,15,7.4286268832404785
426,30,10.857830128531248
426,45,14.515460146007257
426,60,18.954247983277057
426,75,22.768622456115263
426,90,27.520541587207653
427,0,4.300479817499285
427,15,8.365404176036089
427,30,11.691981819717487
427,45,16.497150587647063
427,60,21.788104373427974
427,75,24.737351166801556
427,90,28.86553419434609
428,0,4.7791737271102965
428,15,9.479256643389878
428,30,13.038825129292697
428,45,16.601897748283463
428,60,21.870873894791735
428,75,25.674125568954583
428,90,28.874130744365313
429,0,3.867344771609973
429,15,7.838858307865978
429,30,12.201696218986797
429,45,15.981220858922283
429,60,20.340255921439617
429,75,26.59202097612556
429,90,27.474239466626432
430,0,4.047025822847932
430,15,8.250153451604808
430,30,11.972147745880473
430,45,15.715738266493018
430,60,19.828800695957387
430,75,23.851292211752146
430,90,29.276702529436392
431,0,4.226869830747287
431,15,9.294985463095937
431,30,12.153035953786475
431,45,16.368999331848638
431,60,20.754938564314262
431,75,25.517994641322616
431,90,29.602804528208758
432,0,3.3838465858827167
432,15,7.406938080943878
432,30,9.170518634302491
432,45,12.213784357285302
432,60,16.96031968073166
432,75,22.51169255903846
432,90,21.608321582001256
433,0,2.554025269752051
434,0,3.904175716289104
434,15,6.777439098129113
434,30,12.30179050594249
434,45,16.234585348133766
434,60,19.000808028923274
434,75,22.788896679719464
434,90,26.417666124285343
435,0,4.060785944928025
435,15,8.202314727750393
435,30,11.933661285856953
435,45,16.713689636620497
435,60,17.551525304888855
435,75,23.35951268335054
435,90,26.567000818113026
436,0,3.265194831978183
436,15,7.024353182542411
436,30,10.706320389278522
436,45,15.42230692118298
436,60,16.81310291249761
436,75,22.626296051172417
436,90,27.455467912480568
437,0,4.288550196951093
437,15,9.182302168689853
437,30,12.372767896723452
437,45,17.023477862362654
437,60,19.120883260854
437,75,21.792569774708774
437,90,30.850773146659208
438,0,3.135368593157511
438,15,6.578801389425936
438,30,10.635487972114536
438,45,12.476483232496204
438,60,17.44637808013409
438,75,22.964192977650644
438,90,24.585487436301975
439,0,2.5634837658965592
440,0,4.730960750356996
440,15,9.138576731820589
440,30,13.333957842330442
440,45,16.489936369262008
440,60,23.30627946875758
440,75,25.377291660497107
440,90,31.45998412530817
441,0,3.8021693529782534
441,15,7.210631722131323
441,30,11.234083471436186
441,45,16.904560135094805
441,60,19.531681916111687
441,75,25.927898419938177
441,90,27.781347469080853
442,0,4.137219046585408
442,15,7.53697479948587
442,30,12.840452067731375
442,45,16.073044258139458
442,60,21.332215529563555
442,75,24.7781327404568
442,90,26.009444608744833
443,0,4.628028404533025
443,15,8.960785708996406
443,30,14.29956073736512
443,45,17.790669151035733
443,60,21.643186107750438
443,75,27.466590579055918
443,90,30.62821619331823
444,0,3.5616194570645794
444,15,7.217172867703548
444,30,10.144584792354458
444,45,14.451616787120159
444,60,18.908263612232634
444,75,20.26552881432225
444,90,27.637851749087677
445,0,4.0605612141896685
445,15,8.122811385656396
445,30,11.798217028408558
445,45,17.078349562727553
445,60,20.161660531550034
445,75,25.608394587225675
445,90,28.109817930052785
446,0,3.772607792975028
446,15,7.760958224651659
446,30,12.051178574332763
446,45,16.01885517340531
446,60,17.790946501085795
446,75,22.271121944139544
446,90,29.56271029219309
447,0,3.701330789846337
447,15,7.639976529480466
447,30,11.411534757322238
447,45,14.687562339646371
447,60,18.565195811031497
447,75,20.839657200668803
447,90,27.45635688197191
448,0,3.074363358173244
448,15,6.267284313230975
448,30,9.429577629401447
448,45,13.306900897282398
448,60,17.15363619601476
448,75,23.123942184425285
448,90,20.84123307669314
449,0,3.746778361140431
449,15,7.829902778108599
449,30,11.507614517682477
449,45,14.069036650118711
449,60,18.46953561500475
449,75,21.255072964189566
449,90,25.864503284967878
450,0,2.6298056826678593
450,15,6.889823701051666
450,30,10.280585645794753
450,45,14.005371867663179
450,60,16.868091359915407
450,75,18.909202014649953
450,90,24.25778972197025
451,0,3.790645621777051
451,15,8.280427502298533
451,30,11.03599626893863
451,45,15.077286889448295
451,60,19.98779256641415
451,75,22.50630281219686
451,90,26.427639363812606
452,0,3.605740773455557
452,15,7.401553560982021
452,30,10.823616245363981
452,45,14.78466913105869
452,60,20.167781417002658
452,75,21.594928986700804
452,90,24.420010716860112
453,0,3.713561166088195
453,15,7.460869732263879
453,30,12.0798748753712
453,45,15.552997904769825
453,60,19.21751046930982
453,75,23.745635575096372
453,90,24.44841251425659
454,0,3.3535261435622674
454,15,7.058343701026169
454,30,10.573749929258177
454,45,13.58995102904891
454,60,18.420447436163347
454,75,19.339716621196025
454,90,26.506504839493452
455,0,3.436641387705017
455,15,7.408143823041328
455,30,11.084740715557638
455,45,15.155210250997506
455,60,18.971558541043247
455,75,24.68983050011053
455,90,24.910739499752673
456,0,4.23119673619138
456,15,8.081902388383043
456,30,13.065337938810321
456,45,16.247510970755325
456,60,21.74417478157482
456,75,27.34304025016557
456,90,28.384030061493846
457,0,4.576562522688043
457,15,9.096398190736451
457,30,12.486425690941942
457,45,17.882650434206443
457,60,21.79118526900024
457,75,26.499717916059744
457,90,28.900066730261038
458,0,4.356542710048646
459,0,4.112547893423998
459,15,7.575721257020723
459,30,12.60009019626564
459,45,14.957873711957994
459,60,20.244965698419552
459,75,25.991181164327784
459,90,29.15014491295231
460,0,3.708089143557479
460,15,8.088616755834067
460,30,11.472582358525882
460,45,14.086293041223168
460,60,18.20556471867542
460,75,21.72929863118603
460,90,22.48562258977061
461,0,4.500204762613841
461,15,8.36194328244162
461,30,12.670601151575884
461,45,15.714129184395741
461,60,21.468735503806286
461,75,25.303886922725788
461,90,26.78571961789234
462,0,4.177145664906787
462,15,8.468606069945778
462,30,12.813300648607855
462,45,16.741176760499943
462,60,20.38025115133248
462,75,25.665954490121635
462,90,30.234415528620886
463,0,3.625724103770791
463,15,7.713841066375573
463,30,11.135108903308641
463,45,15.72941135216011
463,60,20.71199835663498
463,75,22.63400148619232
463,90,31.31321526795322
464,0,4.335075119158214
464,15,8.309725539094735
464,30,12.712863814212213
464,45,16.38909066929601
464,60,21.284157278667
464,75,22.813095942311442
464,90,28.408033005832063
465,0,3.718466518028118
465,15,7.286259003300032
465,30,11.779471241922673
465,45,16.426060731497383
465,60,20.357399296561653
465,75,20.395607017875008
465,90,31.469535108395313
466,0,3.377548677596775
467,0,3.053790039500019
467,15,6.590578361426532
467,30,9.494872840611981
467,45,13.43111881631847
467,60,16.91746440644445
467,75,19.231443967659125
467,90,23.946757945182895
468,0,3.64601923518048
468,15,7.381898359750004
468,30,11.384710413398924
468,45,15.069884173420476
468,60,18.08469317282841
468,75,23.718003842334276
468,90,28.57165781606057
469,0,3.1531926665231067
470,0,3.906646853686469
470,15,8.160303651588988
470,30,12.434263013093222
470,45,16.297775674265072
470,60,19.573018821589713
470,75,25.335149345549574
470,90,25.70720374161453
471,0,4.429622834216202
472,0,3.618785068813279
473,0,2.6462200678155128
474,0,3.4186376107168925
474,15,6.971465935781239
474,30,10.73165014024502
474,45,15.918452103238096
474,60,19.99950439961958
474,75,23.62476048167985
474,90,28.835255560649124
475,0,4.214737420965874
475,15,8.01477289081094
475,30,12.683687352140238
475,45,16.557249639257368
475,60,21.653419131741252
475,75,24.776489828779546
475,90,28.369120435145803
476,0,3.703086930613598
476,15,7.905868846234066
476,30,12.137626492030563
476,45,15.191314901901908
476,60,19.60469764814167
476,75,22.184720778049364
476,90,23.027230523356142
477,0,4.417709015104613
477,15,8.701535075273041
477,30,13.142935524898942
477,45,17.223645565286642
477,60,19.256905420179876
477,75,24.956007080905106
477,90,25.54564188619842
478,0,3.1803708025732638
478,15,7.550948310509799
478,30,10.287465083356212
478,45,15.592872141747629
478,60,19.47844990340673
478,75,21.097605432487146
478,90,24.089386087359813
479,0,4.480329297919325
479,15,8.841656422046437
479,30,12.492292790792998
479,45,17.226927031611417
479,60,20.88584973810215
479,75,23.12204445133364
479,90,25.698556198793863
480,0,3.145589800440444
480,15,7.058051404566295
480,30,10.502805511767221
480,45,14.2156305035741
480,60,19.147759130714327
480,75,23.89701500274793
480,90,25.5834437067139
481,0,2.290243922089587
482,0,2.8919247723768473
482,15,6.1311010438835405
482,30,9.895486869578463
482,45,12.02587877948382
482,60,16.609106771555894
482,75,20.52285324172795
482,90,24.38581524822779
483,0,4.2048297076373125
483,15,7.587717144781708
483,30,12.094360642818415
483,45,15.992435586213883
483,60,20.87217709378479
483,75,25.581110475937063
483,90,31.822437435159543
484,0,3.204181907183976
484,15,6.85157499952834
484,30,10.629611927367934
484,45,15.561457837336645
484,60,18.87072008331056
484,75,24.17460312102987
484,90,26.78585614568333
485,0,3.3881788846781093
485,15,6.456428541085512
485,30,9.74230323218311
485,45,12.827693500320686
485,60,18.147079578296292
485,75,22.64957779049136
485,90,27.938220838663515
486,0,4.0527350795833135
486,15,8.478771858618243
486,30,12.84517605905971
486,45,15.919684810034374
486,60,19.260327761393704
486,75,25.714864769906047
486,90,29.40036761447617
487,0,4.296207983589383
487,15,8.50715275861638
487,30,12.834074705403392
487,45,17.037104643602028
487,60,22.276871371414433
487,75,26.942708231177058
487,90,30.316190005879918
488,0,3.8455181871462503
488,15,8.21044643504394
488,30,12.17842808485347
488,45,15.612136499852777
488,60,20.749314097883445
488,75,22.073123163703155
488,90,29.99715029575689
489,0,3.452643434455471
489,15,6.900581646717082
489,30,11.431894526639367
489,45,14.587285905606429
489,60,19.678427688594372
489,75,22.98439598005567
489,90,23.997103093873154
490,0,2.945358780943448
491,0,2.6887900338088992
492,0,4.360515333662235
492,15,8.71344395590981
492,30,12.438232132496008
492,45,17.563810506547938
492,60,21.114481517603565
492,75,25.851582538820605
492,90,27.717940367476114
493,0,3.5860526417435405
493,15,7.31104664362422
493,30,11.260720931470772
493,45,16.074609317488584
493,60,21.114649184438036
493,75,22.24460091651668
493,90,29.313116464498627
494,0,3.8275953419294892
495,0,4.512549132333817
495,15,7.896523550091396
495,30,12.363080754503091
495,45,16.51872897069884
495,60,20.072557590202997
495,75,23.47754565504683
495,90,30.679185557989616
496,0,3.6664348921445495
496,15,7.562522178177836
496,30,11.822321949527254
496,45,16.106818992512743
496,60,19.856200705776754
496,75,24.48147431717065
496,90,27.417382968456543
497,0,2.4770645382633925
497,15,5.260278155989328
497,30,9.51984058797884
497,45,11.794316326434132
497,60,14.518352413770998
497,75,18.47005896849736
497,90,20.277080506438953
498,0,3.6903710701392507
498,15,7.513988824901832
498,30,11.842354905030591
498,45,15.904252794218019
498,60,18.726022453440294
498,75,22.947204364661125
498,90,29.60055505521485
499,0,2.5312806645009625
500,0,3.896794955683772
500,15,8.140256821834697
500,30,13.066988866090782
500,45,16.899503341761775
500,60,21.256313522206902
500,75,22.21053698982511
500,90,29.604167526436395
