ID_Animal,Especie,Sexo,Tipo_Parto,Ordem_Parto,Peso_Nascer,GMD_Real,Y_Morto
1,Ovino,M,Simples,Primipara,2.500297142563213,0.24200594285126428,1
2,Ovino,F,Simples,Multipara,4.945471286295371,0.29090942572590744,0
3,Ovino,F,Simples,Multipara,3.105213766618202,0.25410427533236407,0
4,Ovino,F,Gemeo,Multipara,2.327300626521554,0.2135460125304311,1
5,Ovino,M,Simples,Multipara,4.792136409255258,0.2878427281851052,0
6,Ovino,M,Simples,Multipara,4.38195456002618,0.2796390912005236,0
7,Ovino,M,Gemeo,Multipara,3.8294642948933824,0.24358928589786769,0
8,Ovino,F,Gemeo,Multipara,3.290595711984688,0.2328119142396938,0
9,Ovino,F,Gemeo,Primipara,2.4230177055666617,0.21546035411133327,1
10,Ovino,F,Gemeo,Multipara,3.009662461566613,0.2271932492313323,0
11,Ovino,M,Simples,Primipara,3.2557044464245406,0.25711408892849086,0
12,Ovino,F,Simples,Multipara,3.248205341392114,0.2569641068278423,0
13,Ovino,F,Gemeo,Multipara,3.6091583030011565,0.23918316606002313,0
14,Ovino,M,Gemeo,Primipara,2.314749698188411,0.21329499396376825,1
15,Ovino,M,Simples,Multipara,3.608756303230845,0.2641751260646169,0
16,Ovino,M,Simples,Multipara,3.9876834250014874,0.27175366850002974,0
17,Ovino,M,Simples,Primipara,3.8026877530729797,0.2680537550614596,0
18,Ovino,F,Gemeo,Multipara,2.4829872525408976,0.21665974505081798,1
19,Ovino,M,Trigemeos,Multipara,1.9035031332341652,0.20507006266468333,0
20,Ovino,M,Simples,Primipara,3.970237368980199,0.271404747379604,0
21,Ovino,F,Simples,Multipara,3.9119570670323305,0.27023914134064664,1
22,Ovino,M,Simples,Primipara,4.432070214986922,0.28064140429973844,0
23,Ovino,M,Trigemeos,Multipara,2.7611487515161417,0.22222297503032287,0
24,Ovino,M,Gemeo,Multipara,3.7216490145181935,0.2414329802903639,0
25,Ovino,M,Gemeo,Multipara,3.099004156096622,0.2289800831219325,0
26,Ovino,F,Simples,Multipara,3.468549541224526,0.26137099082449056,0
27,Ovino,M,Simples,Multipara,3.478068382304357,0.2615613676460872,0
28,Ovino,F,Simples,Multipara,3.453547401102046,0.26107094802204095,0
29,Ovino,F,Simples,Multipara,3.652525160853986,0.26505050321707974,0
30,Ovino,M,Gemeo,Multipara,4.073871036336866,0.24847742072673737,0
31,Ovino,F,Gemeo,Primipara,2.3823264733701213,0.21464652946740245,1
32,Ovino,M,Trigemeos,Multipara,3.772574563886694,0.24245149127773388,0
33,Ovino,M,Trigemeos,Primipara,2.6668884404660487,0.220337768809321,1
34,Ovino,F,Simples,Primipara,3.656899548725749,0.265137990974515,0
35,Ovino,F,Gemeo,Primipara,2.8219057359895547,0.2234381147197911,0
36,Ovino,F,Gemeo,Multipara,3.0764989991857554,0.22852997998371513,0
37,Ovino,M,Gemeo,Multipara,3.171254107496083,0.23042508214992166,0
38,Ovino,M,Simples,Multipara,3.415098510210461,0.26030197020420925,0
39,Ovino,F,Simples,Primipara,3.0481627160151343,0.2529632543203027,0
40,Ovino,M,Simples,Multipara,4.919558402722034,0.2903911680544407,0
41,Ovino,M,Trigemeos,Multipara,2.9844915395926375,0.22668983079185276,0
42,Ovino,F,Simples,Multipara,4.614198311564269,0.2842839662312854,1
43,Ovino,M,Simples,Multipara,3.809159543025678,0.26818319086051357,0
44,Ovino,F,Simples,Multipara,3.2926216346535666,0.25785243269307134,0
45,Ovino,M,Simples,Multipara,4.117041734129613,0.2743408346825923,1
46,Ovino,F,Simples,Multipara,3.415013384470679,0.2603002676894136,0
47,Ovino,M,Simples,Primipara,3.8668929558953735,0.2693378591179075,0
48,Ovino,F,Simples,Primipara,2.672052176898186,0.24544104353796375,0
49,Ovino,F,Simples,Multipara,2.803132178714272,0.24806264357428545,0
50,Ovino,M,Gemeo,Primipara,3.2870282849237857,0.23274056569847576,0
51,Ovino,F,Simples,Multipara,4.636286193418852,0.2847257238683771,0
52,Ovino,F,Gemeo,Multipara,3.3595095046830226,0.23419019009366046,1
53,Ovino,F,Simples,Multipara,4.079163456260861,0.27358326912521724,0
54,Ovino,F,Simples,Multipara,3.8380026957062054,0.2687600539141241,0
55,Ovino,F,Gemeo,Multipara,3.234680412018039,0.2316936082403608,1
56,Ovino,F,Simples,Multipara,3.09314275154751,0.25386285503095024,0
57,Ovino,M,Simples,Multipara,3.7322350287051163,0.26664470057410233,0
58,Ovino,M,Simples,Multipara,4.718046587605218,0.28636093175210436,0
59,Ovino,M,Gemeo,Multipara,2.90384361766371,0.22507687235327425,0
60,Ovino,M,Simples,Multipara,3.9417957751525985,0.27083591550305197,0
61,Ovino,M,Gemeo,Multipara,4.056548849989591,0.24813097699979184,0
62,Ovino,M,Simples,Multipara,4.170858456819952,0.2754171691363991,0
63,Ovino,F,Simples,Multipara,3.8960245582450157,0.26992049116490036,0
64,Ovino,M,Simples,Multipara,3.945441767898749,0.270908835357975,0
65,Ovino,M,Simples,Multipara,4.454054338344295,0.2810810867668859,1
66,Ovino,F,Simples,Multipara,4.2783511583972915,0.27756702316794585,0
67,Ovino,M,Simples,Primipara,3.3570052697460246,0.2591401053949205,1
68,Ovino,F,Simples,Primipara,2.784383523221111,0.24768767046442225,0
69,Ovino,M,Gemeo,Multipara,2.5318973134483516,0.21763794626896707,1
70,Ovino,F,Simples,Primipara,3.7039956634562716,0.26607991326912545,0
71,Ovino,F,Simples,Primipara,3.6442893022654816,0.26488578604530966,0
72,Ovino,M,Gemeo,Primipara,4.346499758716395,0.2539299951743279,0
73,Ovino,M,Simples,Primipara,3.790914679273782,0.26781829358547565,0
74,Ovino,F,Simples,Primipara,3.4005551734044284,0.2600111034680886,0
75,Ovino,F,Gemeo,Multipara,3.2836961570359513,0.23267392314071902,0
76,Ovino,F,Gemeo,Multipara,3.3108489030980066,0.23321697806196015,0
77,Ovino,F,Simples,Multipara,3.7125201216522954,0.26625040243304593,0
78,Ovino,M,Gemeo,Multipara,3.0721274202535773,0.22844254840507158,0
79,Ovino,M,Simples,Primipara,3.7640905786845638,0.2672818115736913,0
80,Ovino,M,Simples,Multipara,4.095440501677898,0.273908810033558,0
81,Ovino,F,Simples,Multipara,3.7874865206274277,0.26774973041254857,0
82,Ovino,F,Trigemeos,Primipara,2.4588831496001435,0.2161776629920029,0
83,Ovino,M,Simples,Multipara,4.10517630992169,0.2741035261984338,0
84,Ovino,M,Simples,Multipara,3.4440818838249196,0.2608816376764984,0
85,Ovino,M,Simples,Multipara,3.795243898920358,0.2679048779784072,1
86,Ovino,M,Simples,Multipara,4.0065143485072765,0.2721302869701456,0
87,Ovino,F,Simples,Multipara,3.8283249624485536,0.2685664992489711,0
88,Ovino,F,Simples,Primipara,3.714846377178365,0.2662969275435673,0
89,Ovino,F,Simples,Multipara,3.83223720740506,0.26864474414810124,0
90,Ovino,M,Simples,Primipara,2.762266716823064,0.2472453343364613,1
91,Ovino,M,Simples,Multipara,3.495152628579446,0.2619030525715889,0
92,Ovino,F,Simples,Multipara,4.099964364998102,0.27399928729996204,0
93,Ovino,F,Simples,Multipara,3.693278564534896,0.26586557129069793,1
94,Ovino,F,Simples,Multipara,4.545363068424976,0.28290726136849953,0
95,Ovino,F,Gemeo,Primipara,2.8743337286010555,0.22448667457202112,0
96,Ovino,F,Simples,Primipara,3.28145701444098,0.2576291402888196,0
97,Ovino,F,Simples,Primipara,3.14329866822953,0.2548659733645906,0
98,Ovino,M,Simples,Primipara,3.5987651567559356,0.26397530313511874,1
99,Ovino,M,Simples,Multipara,4.180286990524932,0.2756057398104987,0
100,Ovino,M,Simples,Multipara,4.101523010076707,0.27403046020153415,0
101,Ovino,M,Simples,Primipara,4.2247770677206615,0.27649554135441323,0
102,Ovino,F,Simples,Multipara,3.057551015775048,0.25315102031550096,0
103,Ovino,M,Simples,Multipara,3.416560650792289,0.2603312130158458,0
104,Ovino,F,Simples,Multipara,3.687617299053658,0.26575234598107317,0
105,Ovino,F,Simples,Multipara,4.070731364102394,0.2734146272820479,0
106,Ovino,M,Simples,Primipara,4.129577580151323,0.27459155160302645,1
107,Ovino,M,Simples,Multipara,3.81174479963664,0.2682348959927328,1
108,Ovino,F,Simples,Multipara,2.504478853927545,0.24208957707855092,1
109,Ovino,M,Simples,Multipara,3.826877775873758,0.26853755551747516,0
110,Ovino,M,Simples,Primipara,3.945902002701273,0.2709180400540255,0
111,Ovino,M,Simples,Multipara,4.092345075413502,0.27384690150827007,0
112,Ovino,M,Gemeo,Primipara,3.3896457498005437,0.23479291499601088,0
113,Ovino,F,Simples,Primipara,4.048285750832245,0.2729657150166449,0
114,Ovino,F,Simples,Multipara,3.720735213486515,0.2664147042697303,0
115,Ovino,F,Gemeo,Multipara,2.928358874404245,0.22556717748808494,0
116,Ovino,F,Gemeo,Multipara,2.7075986429865493,0.221151972859731,0
117,Ovino,F,Simples,Primipara,2.764049428534322,0.24728098857068645,0
118,Ovino,M,Simples,Multipara,3.293219301061629,0.2578643860212326,0
119,Ovino,F,Gemeo,Primipara,2.4654636306700417,0.21630927261340085,0
120,Ovino,F,Gemeo,Primipara,3.319952343698038,0.23339904687396076,0
121,Ovino,F,Simples,Multipara,4.1389629356696345,0.2747792587133927,1
122,Ovino,F,Simples,Multipara,3.5560442959271485,0.263120885918543,0
123,Ovino,M,Simples,Multipara,5.178654106632751,0.29557308213265504,0
124,Ovino,M,Simples,Multipara,3.7971425384983304,0.2679428507699666,0
125,Ovino,M,Simples,Multipara,4.750870644699399,0.28701741289398797,1
126,Ovino,M,Simples,Multipara,4.880755598363426,0.2896151119672685,0
127,Ovino,F,Simples,Primipara,3.679986071469558,0.2655997214293912,0
128,Ovino,F,Gemeo,Multipara,2.8111423151239467,0.22322284630247896,0
129,Ovino,M,Simples,Multipara,3.9173392243439453,0.27034678448687893,1
130,Ovino,F,Simples,Primipara,3.542340152932454,0.2628468030586491,1
131,Ovino,M,Gemeo,Multipara,2.7764368552351515,0.22252873710470306,0
132,Ovino,M,Gemeo,Multipara,2.964192980744674,0.22628385961489353,0
133,Ovino,M,Simples,Primipara,3.2265445086590296,0.2565308901731806,0
134,Ovino,M,Simples,Primipara,4.0183263762636425,0.27236652752527285,0
135,Ovino,F,Simples,Multipara,4.392852077331498,0.27985704154663,0
136,Ovino,M,Simples,Primipara,4.109476655332533,0.2741895331066507,1
137,Ovino,F,Simples,Multipara,4.298023842902908,0.2779604768580582,0
138,Ovino,F,Simples,Multipara,3.4216024557152696,0.2604320491143054,0
139,Ovino,M,Simples,Multipara,3.9386600805789316,0.27077320161157864,0
140,Ovino,F,Simples,Multipara,3.6745834917724762,0.26549166983544953,0
141,Ovino,F,Simples,Multipara,4.027943886040804,0.2725588777208161,1
142,Ovino,M,Simples,Multipara,5.182501172450541,0.29565002344901087,0
143,Ovino,F,Simples,Multipara,3.4782408848099284,0.2615648176961986,0
144,Ovino,M,Simples,Multipara,4.563920064040619,0.2832784012808124,0
145,Ovino,M,Simples,Primipara,4.514234213206265,0.28228468426412534,0
146,Ovino,M,Gemeo,Multipara,3.7039178781448117,0.24107835756289628,0
147,Ovino,F,Simples,Multipara,3.617523635228557,0.2643504727045712,0
148,Ovino,F,Simples,Multipara,3.3803951663304965,0.25960790332660993,0
149,Ovino,M,Gemeo,Multipara,2.927595402989483,0.22555190805978967,0
150,Ovino,M,Simples,Multipara,3.116821705311999,0.25433643410624,0
151,Ovino,F,Simples,Multipara,3.6893731882071137,0.2657874637641423,0
152,Ovino,M,Simples,Multipara,3.9615933500555394,0.2712318670011108,0
153,Ovino,M,Simples,Multipara,4.530236744179872,0.28260473488359744,0
154,Ovino,F,Gemeo,Multipara,2.8584612807155305,0.22416922561431063,0
155,Ovino,F,Simples,Multipara,3.7164391431067942,0.2663287828621359,0
156,Ovino,M,Simples,Multipara,4.2412899752441495,0.276825799504883,0
157,Ovino,F,Simples,Primipara,3.6954874758191254,0.2659097495163825,0
158,Ovino,F,Simples,Multipara,4.167438893024909,0.2753487778604982,0
159,Ovino,M,Simples,Multipara,4.190510779351853,0.27581021558703706,0
160,Ovino,F,Simples,Primipara,2.8015840260220766,0.24803168052044156,0
161,Ovino,M,Simples,Multipara,4.29984397587632,0.27799687951752644,0
162,Ovino,F,Trigemeos,Primipara,1.7243215531040854,0.20148643106208172,1
163,Ovino,F,Simples,Multipara,4.419141535716817,0.28038283071433634,0
164,Ovino,F,Simples,Multipara,3.810635788368031,0.2682127157673606,0
165,Ovino,M,Simples,Primipara,3.870376589744284,0.2694075317948857,0
166,Ovino,F,Simples,Multipara,5.100841557090197,0.29401683114180394,0
167,Ovino,M,Simples,Multipara,4.476670810552266,0.28153341621104533,0
168,Ovino,M,Simples,Multipara,4.290579192441388,0.27781158384882776,0
169,Ovino,M,Simples,Primipara,3.6807720080081126,0.26561544016016225,1
170,Ovino,F,Simples,Primipara,2.8378508818553168,0.24875701763710636,1
171,Ovino,F,Simples,Multipara,3.695488371356987,0.2659097674271398,0
172,Ovino,M,Gemeo,Multipara,3.02473977289535,0.22749479545790705,1
173,Ovino,F,Simples,Multipara,4.634952252175703,0.28469904504351407,0
174,Ovino,M,Simples,Primipara,3.94733576491149,0.27094671529822983,0
175,Ovino,F,Simples,Multipara,4.398315743322826,0.2799663148664565,0
176,Ovino,M,Trigemeos,Multipara,2.3951085478403087,0.2149021709568062,1
177,Ovino,F,Simples,Multipara,3.4075508434588797,0.26015101686917763,0
178,Ovino,M,Simples,Primipara,4.074140216921929,0.2734828043384386,0
179,Ovino,F,Trigemeos,Multipara,1.9562539110989499,0.20612507822197904,1
180,Ovino,M,Gemeo,Multipara,3.2312708498382947,0.2316254169967659,0
181,Ovino,M,Gemeo,Multipara,4.313481925616703,0.253269638512334,0
182,Ovino,M,Simples,Multipara,3.9001819071926986,0.270003638143854,0
183,Ovino,F,Simples,Multipara,3.090817133533484,0.2538163426706697,0
184,Ovino,F,Simples,Multipara,2.919595594009612,0.2503919118801923,1
185,Ovino,M,Gemeo,Primipara,2.337171842714952,0.21374343685429906,0
186,Ovino,F,Simples,Multipara,4.431292051713591,0.28062584103427185,1
187,Ovino,F,Simples,Multipara,3.5240709270537764,0.26248141854107554,0
188,Ovino,F,Simples,Primipara,4.729099642834126,0.28658199285668257,1
189,Ovino,F,Gemeo,Multipara,3.921054976283938,0.24542109952567878,0
190,Ovino,M,Simples,Multipara,5.1030464440795615,0.29406092888159124,0
191,Ovino,M,Simples,Primipara,4.26203126290573,0.2772406252581146,0
192,Ovino,F,Simples,Multipara,4.096263474600591,0.27392526949201185,0
193,Ovino,F,Simples,Multipara,3.390900558288846,0.25981801116577696,1
194,Ovino,F,Simples,Multipara,3.798312771294524,0.2679662554258905,0
195,Ovino,M,Simples,Primipara,4.098193723728357,0.27396387447456716,0
196,Ovino,M,Simples,Multipara,4.577652604285255,0.28355305208570514,0
197,Ovino,F,Simples,Multipara,3.2291554429332474,0.256583108858665,0
198,Ovino,F,Simples,Multipara,3.7031702703601406,0.26606340540720286,0
199,Ovino,F,Simples,Multipara,3.7586596570786504,0.267173193141573,0
200,Ovino,F,Simples,Primipara,3.3891262458083578,0.25978252491616716,0
201,Ovino,F,Simples,Multipara,3.2879065878353972,0.257758131756708,0
202,Ovino,M,Simples,Primipara,4.677046283167094,0.2855409256633419,0
203,Ovino,M,Simples,Primipara,3.6367579505750838,0.2647351590115017,0
204,Ovino,F,Simples,Multipara,3.32028038163826,0.2584056076327652,0
205,Ovino,F,Simples,Multipara,4.742293152967305,0.2868458630593461,0
206,Ovino,M,Trigemeos,Multipara,3.4716217641360942,0.23643243528272193,0
207,Ovino,M,Simples,Multipara,4.170443123455602,0.27540886246911206,0
208,Ovino,F,Gemeo,Multipara,2.265780317218574,0.2123156063443715,0
209,Ovino,M,Simples,Primipara,3.5169817490658786,0.26233963498131757,0
210,Ovino,M,Simples,Multipara,3.302648466366602,0.25805296932733207,0
211,Ovino,F,Gemeo,Multipara,3.4068000532848584,0.23513600106569718,0
212,Ovino,F,Simples,Multipara,3.533649580169044,0.2626729916033809,0
213,Ovino,F,Simples,Primipara,3.4362425474746816,0.26072485094949366,0
214,Ovino,M,Simples,Multipara,4.9861257983348715,0.29172251596669746,0
215,Ovino,F,Simples,Multipara,3.4988939698191097,0.26197787939638223,0
216,Ovino,M,Gemeo,Primipara,3.3343871280375117,0.23368774256075028,0
217,Ovino,M,Gemeo,Primipara,3.4830401391923447,0.2366608027838469,0
218,Ovino,F,Trigemeos,Multipara,3.0134666119421536,0.22726933223884307,1
219,Ovino,F,Simples,Multipara,3.7499229617600234,0.2669984592352005,0
220,Ovino,F,Gemeo,Primipara,2.6981631249115168,0.22096326249823037,1
221,Ovino,F,Gemeo,Multipara,3.0367605540492364,0.22773521108098474,0
222,Ovino,F,Simples,Primipara,3.6336827534080887,0.2646736550681618,0
223,Ovino,M,Simples,Multipara,4.846344284479761,0.28892688568959524,1
224,Ovino,M,Gemeo,Multipara,3.3144381994787153,0.23328876398957435,0
225,Ovino,M,Simples,Multipara,2.8878798698635286,0.2497575973972706,0
226,Ovino,M,Gemeo,Multipara,3.892022698180525,0.2448404539636105,0
227,Ovino,F,Simples,Multipara,3.833495358612436,0.26866990717224876,0
228,Ovino,M,Gemeo,Primipara,3.3579696088520494,0.234159392177041,1
229,Ovino,F,Simples,Multipara,3.0187270715567287,0.2523745414311346,0
230,Ovino,F,Simples,Multipara,3.5354736613268525,0.2627094732265371,0
231,Ovino,F,Simples,Multipara,4.1971323398109135,0.27594264679621827,0
232,Ovino,F,Gemeo,Primipara,2.1728552884153753,0.21045710576830753,1
233,Ovino,F,Simples,Primipara,3.683214991216763,0.26566429982433526,0
234,Ovino,F,Simples,Primipara,3.432179258851258,0.2606435851770252,0
235,Ovino,M,Simples,Multipara,3.732704211600975,0.26665408423201953,0
236,Ovino,F,Gemeo,Multipara,2.7448737814928093,0.2218974756298562,0
237,Ovino,M,Simples,Multipara,3.592089090510801,0.26384178181021606,0
238,Ovino,M,Gemeo,Multipara,3.4808399249239854,0.23661679849847975,0
239,Ovino,F,Simples,Multipara,3.8882207776386126,0.26976441555277225,0
240,Ovino,M,Simples,Primipara,3.5664860804583385,0.2633297216091668,1
241,Ovino,F,Simples,Multipara,3.2639304940071963,0.25727860988014395,0
242,Ovino,F,Simples,Multipara,2.339324758252696,0.23878649516505396,0
243,Ovino,F,Gemeo,Multipara,3.3682799020788337,0.23436559804157672,0
244,Ovino,M,Simples,Multipara,4.5519674205430976,0.283039348410862,0
245,Ovino,M,Simples,Multipara,4.409577130502599,0.28019154261005197,1
246,Ovino,F,Gemeo,Multipara,4.1787477348558495,0.250574954697117,0
247,Ovino,M,Simples,Primipara,3.6585517794475795,0.2651710355889516,1
248,Ovino,F,Simples,Primipara,4.137438209574092,0.27474876419148186,0
249,Ovino,F,Gemeo,Multipara,2.8270179104377324,0.22354035820875467,1
250,Ovino,F,Simples,Multipara,3.400403996674873,0.2600080799334975,0
251,Ovino,M,Simples,Multipara,4.161335157997398,0.27522670315994796,0
252,Ovino,M,Gemeo,Multipara,4.26233922923478,0.2522467845846956,0
253,Ovino,F,Simples,Primipara,3.3040943655422277,0.2580818873108446,0
254,Ovino,M,Simples,Primipara,2.968404595651671,0.25136809191303344,0
255,Ovino,M,Simples,Multipara,4.541554888573579,0.2828310977714716,0
256,Ovino,F,Gemeo,Multipara,3.111081401493599,0.22922162802987198,0
257,Ovino,F,Simples,Primipara,3.599376454182843,0.26398752908365686,0
258,Ovino,F,Simples,Multipara,3.424104474952408,0.26048208949904816,0
259,Ovino,F,Gemeo,Primipara,2.856635205268882,0.22413270410537767,0
260,Ovino,M,Gemeo,Multipara,2.7308610108413163,0.22161722021682634,0
261,Ovino,F,Simples,Primipara,4.386648888108772,0.2797329777621755,0
262,Ovino,F,Simples,Multipara,4.340024032857324,0.27880048065714647,0
263,Ovino,M,Simples,Multipara,4.133927755263701,0.27467855510527406,0
264,Ovino,F,Gemeo,Multipara,3.5763868375611096,0.2385277367512222,0
265,Ovino,F,Simples,Primipara,3.1282250838412686,0.25456450167682537,0
266,Ovino,F,Simples,Primipara,3.9649804087905802,0.2712996081758116,0
267,Ovino,F,Gemeo,Multipara,2.9826123339467294,0.2266522466789346,1
268,Ovino,F,Gemeo,Multipara,2.9481757683790017,0.22596351536758005,0
269,Ovino,M,Simples,Multipara,3.6224387103253233,0.2644487742065065,0
270,Ovino,M,Gemeo,Primipara,3.31179953279673,0.23323599065593462,0
271,Ovino,F,Simples,Multipara,3.8121097283363787,0.2682421945667276,0
272,Ovino,F,Gemeo,Multipara,3.8561102777077148,0.24412220555415434,0
273,Ovino,F,Simples,Multipara,3.26880323592656,0.25737606471853125,0
274,Ovino,F,Simples,Primipara,3.664153548603824,0.2652830709720765,0
275,Ovino,F,Gemeo,Multipara,3.7436930257823757,0.24187386051564755,0
276,Ovino,F,Simples,Primipara,4.7447818210093065,0.2868956364201862,0
277,Ovino,F,Simples,Primipara,3.5471921507886677,0.2629438430157734,0
278,Ovino,F,Gemeo,Multipara,2.9734168535946557,0.22646833707189315,0
279,Ovino,F,Gemeo,Primipara,2.884230488134807,0.22468460976269616,0
280,Ovino,F,Simples,Multipara,4.458798767803979,0.28117597535607963,0
281,Ovino,F,Simples,Multipara,4.458557533669932,0.28117115067339865,0
282,Ovino,M,Simples,Multipara,4.04096573650446,0.27281931473008925,0
283,Ovino,M,Simples,Multipara,4.748497273280554,0.2869699454656111,0
284,Ovino,M,Simples,Primipara,3.7385659688505584,0.2667713193770112,0
285,Ovino,F,Simples,Multipara,4.220310013252276,0.27640620026504553,0
286,Ovino,M,Gemeo,Multipara,3.723366784100689,0.2414673356820138,0
287,Ovino,M,Simples,Primipara,3.5541209254780886,0.26308241850956177,0
288,Ovino,F,Simples,Multipara,3.3387949077507484,0.258775898155015,0
289,Ovino,M,Simples,Primipara,4.358579260412748,0.27917158520825497,0
290,Ovino,F,Gemeo,Primipara,3.5606580259612253,0.2382131605192245,0
291,Ovino,M,Simples,Multipara,4.301865045168304,0.2780373009033661,0
292,Ovino,M,Simples,Primipara,3.7379021968045416,0.26675804393609087,0
293,Ovino,F,Simples,Multipara,3.210480104420099,0.256209602088402,0
294,Ovino,M,Simples,Multipara,4.693839694230782,0.2858767938846157,1
295,Ovino,M,Simples,Multipara,4.24164393577307,0.2768328787154614,0
296,Ovino,F,Gemeo,Primipara,2.670547513147961,0.22041095026295923,0
297,Ovino,F,Gemeo,Primipara,3.235648648728622,0.23171297297457247,0
298,Ovino,M,Simples,Primipara,3.0770101598766253,0.2535402031975325,0
299,Ovino,F,Simples,Multipara,3.2998343376972126,0.25799668675394427,1
300,Ovino,M,Gemeo,Multipara,3.111127514737574,0.2292225502947515,0
301,Ovino,M,Gemeo,Primipara,3.3569539248294573,0.2341390784965892,0
302,Ovino,F,Simples,Multipara,3.889790890969799,0.269795817819396,0
303,Ovino,F,Simples,Primipara,3.7673607342808846,0.26734721468561773,0
304,Ovino,F,Simples,Multipara,4.354849920978111,0.27909699841956226,0
305,Ovino,F,Simples,Multipara,4.1362868506013655,0.27472573701202735,0
306,Ovino,F,Gemeo,Multipara,4.0999409674476075,0.24899881934895216,0
307,Ovino,F,Gemeo,Multipara,3.7035403346434865,0.24107080669286976,0
308,Ovino,M,Gemeo,Multipara,3.3898094180232006,0.23479618836046404,0
309,Ovino,F,Simples,Multipara,3.5323359070230387,0.2626467181404608,0
310,Ovino,M,Simples,Multipara,4.054733358847919,0.2730946671769584,0
311,Ovino,M,Trigemeos,Primipara,2.7047259085695194,0.22109451817139042,1
312,Ovino,M,Gemeo,Multipara,3.232256814715078,0.23164513629430158,0
313,Ovino,M,Simples,Multipara,4.469405240443751,0.28138810480887505,1
314,Ovino,F,Gemeo,Multipara,3.4576837420065267,0.23615367484013058,0
315,Ovino,F,Gemeo,Multipara,2.6822806489777022,0.22064561297955407,0
316,Ovino,F,Simples,Multipara,4.342991058087516,0.27885982116175034,0
317,Ovino,M,Simples,Multipara,4.28364365670067,0.27767287313401345,0
318,Ovino,M,Simples,Multipara,5.019091838397561,0.2923818367679512,0
319,Ovino,M,Simples,Primipara,3.740290197056133,0.2668058039411227,0
320,Ovino,M,Simples,Primipara,3.5984101085828617,0.26396820217165723,0
321,Ovino,F,Gemeo,Primipara,2.2731587904268227,0.2124631758085365,1
322,Ovino,F,Simples,Primipara,2.9160985392104033,0.2503219707842081,1
323,Ovino,F,Simples,Multipara,4.275153795986788,0.2775030759197358,0
324,Ovino,M,Simples,Primipara,4.605306686290962,0.2841061337258193,0
325,Ovino,F,Simples,Multipara,3.747775390731264,0.2669555078146253,0
326,Ovino,F,Gemeo,Multipara,3.0655891384049947,0.2283117827680999,1
327,Ovino,F,Simples,Primipara,3.4850260815565903,0.26170052163113183,1
328,Ovino,F,Simples,Multipara,4.380939151304095,0.2796187830260819,0
329,Ovino,M,Gemeo,Multipara,2.9863234329047126,0.2267264686580943,1
330,Ovino,M,Simples,Multipara,4.219184491367392,0.27638368982734784,0
331,Ovino,M,Simples,Multipara,4.587598814891215,0.28375197629782434,0
332,Ovino,F,Simples,Multipara,4.0505470849699226,0.2730109416993985,0
333,Ovino,M,Simples,Primipara,2.398383853500381,0.23996767707000763,1
334,Ovino,M,Simples,Multipara,4.438937659765453,0.2807787531953091,0
335,Ovino,M,Simples,Multipara,4.35560129976249,0.2791120259952498,0
336,Ovino,M,Simples,Multipara,4.786829272581478,0.2877365854516296,0
337,Ovino,F,Gemeo,Primipara,3.6061391289943225,0.23912278257988648,0
338,Ovino,F,Simples,Multipara,4.457457226792023,0.2811491445358405,0
339,Ovino,M,Simples,Primipara,3.7877168194507957,0.2677543363890159,0
340,Ovino,M,Simples,Primipara,2.949017094051415,0.2509803418810283,0
341,Ovino,F,Simples,Primipara,4.535471358748906,0.28270942717497816,0
342,Ovino,M,Simples,Multipara,4.012057093783831,0.27224114187567666,0
343,Ovino,M,Simples,Multipara,4.121801223186226,0.27443602446372456,0
344,Ovino,M,Trigemeos,Multipara,3.5475255202153764,0.23795051040430756,1
345,Ovino,M,Simples,Multipara,3.7287647071509755,0.2665752941430195,0
346,Ovino,F,Simples,Multipara,3.139988744389647,0.254799774887793,1
347,Ovino,F,Simples,Multipara,3.58534888774137,0.26370697775482743,0
348,Ovino,M,Trigemeos,Multipara,2.3537895100630717,0.21407579020126147,1
349,Ovino,M,Simples,Multipara,3.3968412681640827,0.25993682536328166,0
350,Ovino,F,Simples,Primipara,3.4084472136856525,0.26016894427371307,0
351,Ovino,F,Simples,Multipara,3.8412198764672514,0.26882439752934506,1
352,Ovino,F,Gemeo,Multipara,2.4212242502675347,0.21542448500535072,1
353,Ovino,F,Simples,Multipara,3.645395461475068,0.26490790922950136,0
354,Ovino,M,Gemeo,Multipara,3.073921797204708,0.2284784359440942,0
355,Ovino,M,Simples,Multipara,3.1624137651771274,0.25524827530354255,0
356,Ovino,F,Simples,Multipara,3.8575130395737083,0.2691502607914742,0
357,Ovino,M,Simples,Multipara,4.206598314118844,0.2761319662823769,0
358,Ovino,F,Simples,Multipara,3.42401533413059,0.2604803066826118,0
359,Ovino,F,Simples,Primipara,3.988003569299299,0.271760071385986,0
360,Ovino,F,Simples,Multipara,3.8106558243359707,0.2682131164867194,0
361,Ovino,M,Gemeo,Multipara,3.095796616544768,0.22891593233089538,0
362,Ovino,F,Simples,Primipara,2.6931428036935863,0.24586285607387173,0
363,Ovino,M,Simples,Multipara,4.233563325505742,0.27667126651011487,0
364,Ovino,F,Simples,Multipara,4.054362511614967,0.27308725023229935,0
365,Ovino,F,Simples,Multipara,3.5584694741582803,0.26316938948316565,0
366,Ovino,M,Simples,Primipara,3.823396505992774,0.2684679301198555,1
367,Ovino,F,Simples,Multipara,4.6061103141277115,0.28412220628255425,0
368,Ovino,F,Simples,Multipara,4.248419657932766,0.27696839315865535,0
369,Ovino,M,Gemeo,Primipara,2.024092299335347,0.20748184598670696,1
370,Ovino,M,Gemeo,Primipara,2.7404233403787894,0.22180846680757582,0
371,Ovino,M,Simples,Multipara,4.034371516453847,0.27268743032907694,0
372,Ovino,M,Simples,Primipara,3.7884259414793835,0.2677685188295877,0
373,Ovino,M,Simples,Multipara,4.1843273359833635,0.2756865467196673,0
374,Ovino,F,Simples,Multipara,4.020970324784704,0.2724194064956941,0
375,Ovino,M,Simples,Primipara,3.7007059338578685,0.2660141186771574,0
376,Ovino,M,Simples,Multipara,4.109424811472423,0.27418849622944846,0
377,Ovino,F,Gemeo,Multipara,3.6265683169566225,0.2395313663391325,0
378,Ovino,M,Simples,Multipara,4.243562082600912,0.27687124165201826,0
379,Ovino,F,Simples,Multipara,3.228136896339669,0.2565627379267934,1
380,Ovino,M,Simples,Multipara,4.154279852888261,0.27508559705776525,0
381,Ovino,M,Simples,Primipara,3.685731244280534,0.2657146248856107,0
382,Ovino,F,Simples,Multipara,2.85907547725118,0.24918150954502363,1
383,Ovino,F,Simples,Multipara,3.8799281959987,0.269598563919974,0
384,Ovino,F,Simples,Primipara,2.9361624295370206,0.2507232485907404,0
385,Ovino,F,Gemeo,Multipara,3.6347286002633683,0.23969457200526736,0
386,Ovino,F,Simples,Multipara,4.013597180935842,0.27227194361871687,0
387,Ovino,M,Simples,Multipara,3.5031815841217595,0.2620636316824352,0
388,Ovino,M,Simples,Primipara,4.209577086805,0.2761915417361,0
389,Ovino,F,Simples,Multipara,4.496232650032164,0.2819246530006433,0
390,Ovino,F,Simples,Multipara,3.6749767427005233,0.2654995348540105,0
391,Ovino,F,Gemeo,Primipara,2.732845629264726,0.22165691258529455,1
392,Ovino,M,Gemeo,Primipara,3.505404136579891,0.23710808273159786,0
393,Ovino,M,Gemeo,Primipara,3.752170121439076,0.24204340242878156,0
394,Ovino,F,Simples,Multipara,2.968754005982163,0.25137508011964327,0
395,Ovino,M,Simples,Multipara,3.5545167848924004,0.263090335697848,0
396,Ovino,F,Simples,Multipara,3.5945928560227074,0.26389185712045415,0
397,Ovino,F,Simples,Multipara,3.6459828579071294,0.2649196571581426,0
398,Ovino,M,Gemeo,Primipara,3.4898302661346694,0.2367966053226934,1
399,Ovino,F,Simples,Multipara,4.455154373059804,0.2811030874611961,0
400,Ovino,F,Simples,Multipara,4.497841905394978,0.28195683810789957,1
401,Ovino,M,Simples,Primipara,2.9082809038895245,0.25016561807779053,0
402,Ovino,F,Simples,Primipara,3.0470649667519054,0.2529412993350381,0
403,Ovino,F,Simples,Primipara,2.832825564060039,0.2486565112812008,0
404,Ovino,F,Simples,Multipara,3.5037678704235526,0.2620753574084711,0
405,Ovino,M,Simples,Multipara,3.6951982400391765,0.26590396480078354,0
406,Ovino,F,Gemeo,Multipara,3.3620305222320446,0.23424061044464092,1
407,Ovino,M,Gemeo,Multipara,3.7231421240018494,0.241462842480037,0
408,Ovino,M,Simples,Multipara,4.103211134905469,0.27406422269810937,1
409,Ovino,F,Simples,Multipara,3.755818520397332,0.26711637040794667,0
410,Ovino,M,Simples,Multipara,3.9149944850589358,0.27029988970117874,1
411,Ovino,M,Simples,Primipara,3.6206019686664486,0.26441203937332897,0
412,Ovino,F,Simples,Primipara,4.249323585252358,0.2769864717050472,0
413,Ovino,F,Simples,Primipara,3.7984772022553677,0.26796954404510737,0
414,Ovino,F,Simples,Primipara,3.2830902551219947,0.2576618051024399,0
415,Ovino,F,Simples,Multipara,3.7463489279978854,0.26692697855995773,0
416,Ovino,M,Simples,Multipara,4.323858462905139,0.2784771692581028,0
417,Ovino,M,Simples,Primipara,3.1530374968004717,0.25506074993600947,0
418,Ovino,M,Gemeo,Primipara,3.171471547381853,0.2304294309476371,0
419,Ovino,F,Gemeo,Multipara,3.4690255507203784,0.23638051101440757,0
420,Ovino,F,Simples,Multipara,4.050422237472228,0.2730084447494446,0
421,Ovino,F,Gemeo,Multipara,2.7561081240458805,0.22212216248091762,1
422,Ovino,F,Simples,Multipara,3.489576200874442,0.26179152401748884,0
423,Ovino,M,Gemeo,Primipara,2.1103500948121057,0.20920700189624214,1
424,Ovino,F,Gemeo,Primipara,3.1739551280587666,0.23047910256117535,1
425,Ovino,M,Simples,Multipara,5.137041334874986,0.29474082669749974,0
426,Ovino,F,Simples,Multipara,3.340307704206788,0.25880615408413576,0
427,Ovino,M,Simples,Primipara,4.300479817499285,0.27800959634998573,0
428,Ovino,F,Simples,Multipara,4.7791737271102965,0.28758347454220595,0
429,Ovino,M,Simples,Multipara,3.867344771609973,0.2693468954321995,0
430,Ovino,M,Simples,Multipara,4.047025822847932,0.27294051645695866,0
431,Ovino,M,Simples,Multipara,4.226869830747287,0.27653739661494575,0
432,Ovino,F,Gemeo,Multipara,3.3838465858827167,0.23467693171765439,0
433,Ovino,F,Trigemeos,Multipara,2.554025269752051,0.21808050539504104,1
434,Ovino,M,Simples,Multipara,3.904175716289104,0.2700835143257821,0
435,Ovino,M,Simples,Primipara,4.060785944928025,0.2732157188985605,0
436,Ovino,F,Simples,Primipara,3.265194831978183,0.25730389663956366,0
437,Ovino,M,Simples,Multipara,4.288550196951093,0.2777710039390219,0
438,Ovino,F,Gemeo,Multipara,3.135368593157511,0.22970737186315024,0
439,Ovino,F,Simples,Primipara,2.5634837658965592,0.2432696753179312,1
440,Ovino,M,Simples,Multipara,4.730960750356996,0.28661921500713994,0
441,Ovino,M,Simples,Multipara,3.8021693529782534,0.2680433870595651,0
442,Ovino,F,Simples,Primipara,4.137219046585408,0.27474438093170817,0
443,Ovino,M,Simples,Multipara,4.628028404533025,0.28456056809066055,0
444,Ovino,M,Gemeo,Multipara,3.5616194570645794,0.2382323891412916,0
445,Ovino,F,Simples,Multipara,4.0605612141896685,0.2732112242837934,0
446,Ovino,F,Simples,Primipara,3.772607792975028,0.2674521558595006,0
447,Ovino,F,Simples,Multipara,3.701330789846337,0.26602661579692677,0
448,Ovino,F,Gemeo,Multipara,3.074363358173244,0.22848726716346493,0
449,Ovino,M,Gemeo,Multipara,3.746778361140431,0.24193556722280865,0
450,Ovino,M,Simples,Multipara,2.6298056826678593,0.2445961136533572,0
451,Ovino,F,Simples,Multipara,3.790645621777051,0.26781291243554106,0
452,Ovino,F,Simples,Multipara,3.605740773455557,0.26411481546911114,0
453,Ovino,M,Simples,Multipara,3.713561166088195,0.2662712233217639,0
454,Ovino,F,Gemeo,Multipara,3.3535261435622674,0.23407052287124538,0
455,Ovino,M,Simples,Primipara,3.436641387705017,0.26073282775410034,0
456,Ovino,F,Simples,Multipara,4.23119673619138,0.2766239347238276,0
457,Ovino,M,Simples,Multipara,4.576562522688043,0.2835312504537609,0
458,Ovino,M,Simples,Multipara,4.356542710048646,0.27913085420097294,1
459,Ovino,M,Simples,Primipara,4.112547893423998,0.27425095786847997,0
460,Ovino,M,Gemeo,Multipara,3.708089143557479,0.24116178287114962,0
461,Ovino,M,Simples,Multipara,4.500204762613841,0.2820040952522768,0
462,Ovino,F,Simples,Multipara,4.177145664906787,0.27554291329813574,0
463,Ovino,F,Simples,Primipara,3.625724103770791,0.26451448207541584,0
464,Ovino,F,Simples,Multipara,4.335075119158214,0.27870150238316427,0
465,Ovino,F,Simples,Multipara,3.718466518028118,0.2663693303605624,0
466,Ovino,M,Simples,Primipara,3.377548677596775,0.2595509735519355,1
467,Ovino,M,Gemeo,Multipara,3.053790039500019,0.22807580079000042,0
468,Ovino,F,Simples,Multipara,3.64601923518048,0.2649203847036096,0
469,Ovino,M,Simples,Multipara,3.1531926665231067,0.25506385333046216,1
470,Ovino,F,Simples,Multipara,3.906646853686469,0.2701329370737294,0
471,Ovino,M,Simples,Multipara,4.429622834216202,0.2805924566843241,1
472,Ovino,F,Gemeo,Multipara,3.618785068813279,0.2393757013762656,1
473,Ovino,M,Gemeo,Multipara,2.6462200678155128,0.21992440135631028,1
474,Ovino,F,Simples,Multipara,3.4186376107168925,0.26037275221433787,0
475,Ovino,F,Simples,Multipara,4.214737420965874,0.2762947484193175,0
476,Ovino,F,Simples,Multipara,3.703086930613598,0.266061738612272,0
477,Ovino,M,Simples,Multipara,4.417709015104613,0.2803541803020923,0
478,Ovino,F,Simples,Multipara,3.1803708025732638,0.2556074160514653,0
479,Ovino,F,Simples,Multipara,4.480329297919325,0.2816065859583865,0
480,Ovino,F,Simples,Multipara,3.145589800440444,0.2549117960088089,0
481,Ovino,F,Simples,Multipara,2.290243922089587,0.23780487844179177,1
482,Ovino,F,Gemeo,Primipara,2.8919247723768473,0.22483849544753698,0
483,Ovino,M,Simples,Multipara,4.2048297076373125,0.2760965941527463,0
484,Ovino,F,Simples,Primipara,3.204181907183976,0.2560836381436795,0
485,Ovino,F,Gemeo,Multipara,3.3881788846781093,0.23476357769356224,0
486,Ovino,F,Simples,Multipara,4.0527350795833135,0.2730547015916663,0
487,Ovino,M,Simples,Multipara,4.296207983589383,0.2779241596717877,0
488,Ovino,M,Simples,Multipara,3.8455181871462503,0.26891036374292504,0
489,Ovino,F,Simples,Multipara,3.452643434455471,0.26105286868910943,0
490,Ovino,F,Gemeo,Multipara,2.945358780943448,0.225907175618869,1
491,Ovino,M,Gemeo,Primipara,2.6887900338088992,0.220775800676178,1
492,Ovino,F,Simples,Multipara,4.360515333662235,0.2792103066732447,0
493,Ovino,M,Simples,Primipara,3.5860526417435405,0.26372105283487085,0
494,Ovino,M,Simples,Primipara,3.8275953419294892,0.2685519068385898,1
495,Ovino,M,Simples,Multipara,4.512549132333817,0.28225098264667636,0
496,Ovino,M,Simples,Multipara,3.6664348921445495,0.26532869784289104,0
497,Ovino,F,Gemeo,Multipara,2.4770645382633925,0.21654129076526787,0
498,Ovino,M,Simples,Multipara,3.6903710701392507,0.265807421402785,0
499,Ovino,F,Trigemeos,Multipara,2.5312806645009625,0.21762561329001928,1
500,Ovino,F,Simples,Multipara,3.896794955683772,0.26993589911367544,0
